Workbook
Name _: Sign!$B$6
Name M.Yusof: Sign!$B$5
Name Meikel_Sanjaya: Sign!$B$4
Name Mohd_Sufi: Sign!$B$2
Name Name: Sign!$A$2:$A$6
Name Nil: Sign!$B$6
Name Ronal_Gultom: Sign!$B$3
Name SPT: Sign!$E$2

Sheet Sign
A1: Name | B1: Signature
A2: Mohd_Sufi | D2: SPT
A3: Ronal_Gultom
A4: Meikel_Sanjaya
A5: M.Yusof
A6: NIL

Sheet 01
A5: Operation Month | D5: February | E5: 2026
A6: Operation Date | D6: =DATE(E5,MONTH(D5&1),1) -> 46054
A8: I. Production
A9: Sect. | C9: Description | F9: Capacity | G9: Shift II (7:00 - 15:00) | I9: Storage | J9: Shift III (15:00 - 23:00) | L9: Storage | M9: Shift I (23:00 - 7:00) | O9: Storage | P9: To Day | Q9: MTD | R9: D. Time
F10: MT/Day | G10: Product | H10: D.Time | I10: 122T... | J10: Product | K10: D.Time | L10: 122T... | M10: Product | N10: D.Time | O10: 122T... | R10: Hours
A11: 101 | C11: Feed Stream (C16-18 Raw Ester) | F11: 60 | P11: =G11+J11+M11 -> 0 | Q11: =P11 -> 0 | R11: =H11+K11+N11 -> 0
C12: Oleic Intermediate Stream | F12: 30 | P12: =G12+J12+M12 -> 0 | Q12: =P12 -> 0 | R12: =H12+K12+N12 -> 0
C13: Heavy Phase Fraction | F13: 30 | P13: =G13+J13+M13 -> 0 | Q13: =P13 -> 0 | R13: =H13+K13+N13 -> 0
A14: 102 | C14: Feed Stream (Hydrogenated C16-18) | F14: 40 | P14: =G14+J14+M14 -> 0 | Q14: =P14 -> 0 | R14: =H14+K14+N14 -> 0
C15: Feed Stream (Hydrogenated Process Stock) | F15: 40 | P15: =G15+J15+M15 -> 0 | Q15: =P15 -> 0 | R15: =H15+K15+N15 -> 0
C16: Light Volatile Fraction | F16: =F14*(2/100) -> 0.8 | P16: =G16+J16+M16 -> 0 | Q16: =P16 -> 0 | R16: =H16+K16+N16 -> 0
C17: Side Cut Fraction A | F17: =F14*12/100 -> 4.8 | P17: =G17+J17+M17 -> 0 | Q17: =P17 -> 0 | R17: =H17+K17+N17 -> 0
C18: Side Cut Fraction B | F18: - | P18: =G18+J18+M18 -> 0 | Q18: =P18 -> 0 | R18: =H18+K18+N18 -> 0
C19: Side Cut Fraction C | F19: - | P19: =G19+J19+M19 -> 0 | Q19: =P19 -> 0 | R19: =H19+K19+N19 -> 0
C20: Heavy Bottom Fraction | F20: - | P20: =G20+J20+M20 -> 0 | Q20: =P20 -> 0 | R20: =H20+K20+N20 -> 0
C21: Organic Residue Stream | F21: =F14*(0.5/100) -> 0.2 | P21: =G21+J21+M21 -> 0 | Q21: =P21 -> 0 | R21: =H21+K21+N21 -> 0
A22: 102+ | C22: Feed Stream (C8-10 Process Input)) | F22: 24 | G22: 8.819 | I22: T24 | J22: 8.822 | L22: T24 | M22: 8.812 | O22: T24 | P22: =G22+J22+M22 -> 26.453 | Q22: =P22 -> 26.453 | R22: =H22+K22+N22 -> 0
C23: Hydrogenated Product Stream | F23: 24 | G23: 8.742 | I23: T112 | J23: 8.929 | L23: T112 | M23: 8.268 | O23: T112 | P23: =G23+J23+M23 -> 25.939 | Q23: =P23 -> 25.939 | R23: =H23+K23+N23 -> 0
A24: 103+ | C24: Light Hydrocarbon Fraction | F24: 24 | G24: 8.596 | I24: T112 | J24: 8.79 | L24: T112 | M24: 8.84 | O24: T112 | P24: =G24+J24+M24 -> 26.226 | Q24: =P24 -> 26.226 | R24: =H24+K24+N24 -> 0
C25: Light End (C6) | F25: - | G25: 0.1544 | I25: T117 | J25: 0.1545 | L25: T117 | M25: 0.153 | O25: T117 | P25: =G25+J25+M25 -> 0.4619 | Q25: =P25 -> 0.4619 | R25: =H25+K25+N25 -> 0
C26: Distillation Side Cut A | F26: - | G26: 8.172 | I26: T115 | J26: 8.356 | L26: T115 | M26: 8.35 | O26: T115 | P26: =G26+J26+M26 -> 24.878 | Q26: =P26 -> 24.878 | R26: =H26+K26+N26 -> 0
C27: Distillation Side Cut B | F27: - | G27: 0 | I27: colom | J27: 0 | L27: colom | M27: 0 | O27: colom | P27: =G27+J27+M27 -> 0 | Q27: =P27 -> 0 | R27: =H27+K27+N27 -> 0
C28: Heavy Residual Stream | F28: - | G28: 0.2802 | I28: T119 | J28: 0.2988 | L28: T119 | M28: 0.304 | O28: T119 | P28: =G28+J28+M28 -> 0.883 | Q28: =P28 -> 0.883 | R28: =H28+K28+N28 -> 0
A29: 104 | C29: Feed Primary Stream (C8-10) | M29: 12.462 | O29: T120 | P29: =G29+J29+M29 -> 12.462 | Q29: =P29 -> 12.462 | R29: =H29+K29+N29 -> 0
C30: Feed Secondary Stream (Oleic Intermediate) | P30: =G30+J30+M30 -> 0 | Q30: =P30 -> 0 | R30: =H30+K30+N30 -> 0
C31: Feed Stream Auxiliary (Glycerol Phase) | M31: 2.467 | O31: T124 | P31: =G31+J31+M31 -> 2.467 | Q31: =P31 -> 2.467 | R31: =H31+K31+N31 -> 0
C32: Product Stream A (Medium Chain Ester) | G32: 10.04 | I32: T129 | L32: T129 | O32: T129 | P32: =G32+J32+M32 -> 10.04 | Q32: =P32 -> 10.04 | R32: =H32+K32+N32 -> 0
C33: Product Stream B (Distilled Chemical Output) | P33: =G33+J33+M33 -> 0 | Q33: =P33 -> 0 | R33: =H33+K33+N33 -> 0

Sheet 02
A5: Operation Month | D5: ='01'!D5 -> February | E5: ='01'!E5 -> 2026
A6: Operation Date | D6: ='01'!D6+1 -> 46055
A8: I. Production
A9: Sect. | C9: Description | F9: Capacity | G9: Shift II (7:00 - 15:00) | I9: Storage | J9: Shift III (15:00 - 23:00) | L9: Storage | M9: Shift I (23:00 - 7:00) | O9: Storage | P9: To Day | Q9: MTD | R9: D. Time
F10: MT/Day | G10: Product | H10: D.Time | I10: 122T... | J10: Product | K10: D.Time | L10: 122T... | M10: Product | N10: D.Time | O10: 122T... | R10: Hours
A11: 101 | C11: Feed Stream (C16-18 Raw Ester) | F11: 60 | P11: =G11+J11+M11 -> 0 | Q11: ='01'!Q11+P11 -> 0 | R11: =H11+K11+N11 -> 0
C12: Oleic Intermediate Stream | F12: 30 | P12: =G12+J12+M12 -> 0 | Q12: ='01'!Q12+P12 -> 0 | R12: =H12+K12+N12 -> 0
C13: Heavy Phase Fraction | F13: 30 | P13: =G13+J13+M13 -> 0 | Q13: ='01'!Q13+P13 -> 0 | R13: =H13+K13+N13 -> 0
A14: 102 | C14: Feed Stream (Hydrogenated C16-18) | F14: 40 | G14: 6.51 | I14: T96 | J14: 15.932 | L14: T96 | M14: 15.268 | O14: T96 | P14: =G14+J14+M14 -> 37.71 | Q14: ='01'!Q14+P14 -> 37.71 | R14: =H14+K14+N14 -> 0
C15: Feed Stream (Hydrogenated Process Stock) | F15: 40 | P15: =G15+J15+M15 -> 0 | Q15: ='01'!Q15+P15 -> 0 | R15: =H15+K15+N15 -> 0
C16: Light Volatile Fraction | F16: =F14*(2/100) -> 0.8 | G16: 0.7734 | I16: T100 | J16: 0.4919 | L16: T100 | M16: 0.666 | O16: T100 | P16: =G16+J16+M16 -> 1.9313 | Q16: ='01'!Q16+P16 -> 1.9313 | R16: =H16+K16+N16 -> 0
C17: Side Cut Fraction A | F17: =F14*12/100 -> 4.8 | G17: 0.227 | I17: T101 | J17: 0 | L17: T101 | M17: 0 | O17: T101 | P17: =G17+J17+M17 -> 0.227 | Q17: ='01'!Q17+P17 -> 0.227 | R17: =H17+K17+N17 -> 0
C18: Side Cut Fraction B | F18: - | G18: 4.93 | I18: T103 | J18: 14.098 | L18: T103 | M18: 14.062 | O18: T103 | P18: =G18+J18+M18 -> 33.09 | Q18: ='01'!Q18+P18 -> 33.09 | R18: =H18+K18+N18 -> 0
C19: Side Cut Fraction C | F19: - | P19: =G19+J19+M19 -> 0 | Q19: ='01'!Q19+P19 -> 0 | R19: =H19+K19+N19 -> 0
C20: Heavy Bottom Fraction | F20: - | G20: 0 | J20: 0 | M20: 0 | O20: colom | P20: =G20+J20+M20 -> 0 | Q20: ='01'!Q20+P20 -> 0 | R20: =H20+K20+N20 -> 0
C21: Organic Residue Stream | F21: =F14*(0.5/100) -> 0.2 | G21: 0.2381 | I21: T107 | J21: 0.4352 | L21: T107 | M21: 0.532 | O21: T107 | P21: =G21+J21+M21 -> 1.2053 | Q21: ='01'!Q21+P21 -> 1.2053 | R21: =H21+K21+N21 -> 0
A22: 102+ | C22: Feed Stream (C8-10 Process Input)) | F22: 24 | G22: 8.817 | I22: T24 | J22: 8.813 | L22: T24 | M22: 8.812 | O22: T24 | P22: =G22+J22+M22 -> 26.442 | Q22: ='01'!Q22+P22 -> 52.895 | R22: =H22+K22+N22 -> 0
C23: Hydrogenated Product Stream | F23: 24 | G23: 8.326 | I23: T112 | J23: 7.005 | L23: T112 | M23: 9.579 | O23: T112 | P23: =G23+J23+M23 -> 24.91 | Q23: ='01'!Q23+P23 -> 50.849 | R23: =H23+K23+N23 -> 0
A24: 103+ | C24: Light Hydrocarbon Fraction | F24: 24 | G24: 8.791 | I24: T112 | J24: 8.791 | L24: T112 | M24: 8.845 | O24: T112 | P24: =G24+J24+M24 -> 26.427 | Q24: ='01'!Q24+P24 -> 52.653 | R24: =H24+K24+N24 -> 0
C25: Light End (C6) | F25: - | G25: 0.1538 | I25: T117 | J25: 0.1537 | L25: T117 | M25: 0.152 | O25: T117 | P25: =G25+J25+M25 -> 0.4595 | Q25: ='01'!Q25+P25 -> 0.9214 | R25: =H25+K25+N25 -> 0
C26: Distillation Side Cut A | F26: - | G26: 8.351 | I26: T115 | J26: 8.35 | L26: T115 | M26: 8.352 | O26: T115 | P26: =G26+J26+M26 -> 25.053 | Q26: ='01'!Q26+P26 -> 49.931 | R26: =H26+K26+N26 -> 0
C27: Distillation Side Cut B | F27: - | G27: 0 | I27: colom | J27: 0 | L27: colom | M27: 0 | O27: colom | P27: =G27+J27+M27 -> 0 | Q27: ='01'!Q27+P27 -> 0 | R27: =H27+K27+N27 -> 0
C28: Heavy Residual Stream | F28: - | G28: 0.304 | I28: T119 | J28: 0.3051 | L28: T119 | M28: 0.306 | O28: T119 | P28: =G28+J28+M28 -> 0.9151 | Q28: ='01'!Q28+P28 -> 1.7981 | R28: =H28+K28+N28 -> 0
A29: 104 | C29: Feed Primary Stream (C8-10) | P29: =G29+J29+M29 -> 0 | Q29: ='01'!Q29+P29 -> 12.462 | R29: =H29+K29+N29 -> 0
C30: Feed Secondary Stream (Oleic Intermediate) | P30: =G30+J30+M30 -> 0 | Q30: ='01'!Q30+P30 -> 0 | R30: =H30+K30+N30 -> 0
C31: Feed Stream Auxiliary (Glycerol Phase) | P31: =G31+J31+M31 -> 0 | Q31: ='01'!Q31+P31 -> 2.467 | R31: =H31+K31+N31 -> 0
C32: Product Stream A (Medium Chain Ester) | I32: T129 | J32: 0.973 | L32: T129 | M32: 12.005 | O32: T129 | P32: =G32+J32+M32 -> 12.978 | Q32: ='01'!Q32+P32 -> 23.018 | R32: =H32+K32+N32 -> 0
C33: Product Stream B (Distilled Chemical Output) | P33: =G33+J33+M33 -> 0 | Q33: ='01'!Q33+P33 -> 0 | R33: =H33+K33+N33 -> 0

Sheet 03
A5: Operation Month | D5: ='01'!D5 -> February | E5: ='01'!E5 -> 2026
A6: Operation Date | D6: ='02'!D6+1 -> 46056
A8: I. Production
A9: Sect. | C9: Description | F9: Capacity | G9: Shift II (7:00 - 15:00) | I9: Storage | J9: Shift III (15:00 - 23:00) | L9: Storage | M9: Shift I (23:00 - 7:00) | O9: Storage | P9: To Day | Q9: MTD | R9: D. Time
F10: MT/Day | G10: Product | H10: D.Time | I10: 122T... | J10: Product | K10: D.Time | L10: 122T... | M10: Product | N10: D.Time | O10: 122T... | R10: Hours
A11: 101 | C11: Feed Stream (C16-18 Raw Ester) | F11: 60 | P11: =G11+J11+M11 -> 0 | Q11: =P11+'02'!Q11 -> 0 | R11: =H11+K11+N11 -> 0
C12: Oleic Intermediate Stream | F12: 30 | P12: =G12+J12+M12 -> 0 | Q12: =P12+'02'!Q12 -> 0 | R12: =H12+K12+N12 -> 0
C13: Heavy Phase Fraction | F13: 30 | P13: =G13+J13+M13 -> 0 | Q13: =P13+'02'!Q13 -> 0 | R13: =H13+K13+N13 -> 0
A14: 102 | C14: Feed Stream (Hydrogenated C16-18) | F14: 40 | G14: 13.106 | I14: T96 | J14: 12.907 | L14: T96 | M14: 13.509 | O14: T96 | P14: =G14+J14+M14 -> 39.522 | Q14: =P14+'02'!Q14 -> 77.232 | R14: =H14+K14+N14 -> 0
C15: Feed Stream (Hydrogenated Process Stock) | F15: 40 | P15: =G15+J15+M15 -> 0 | Q15: =P15+'02'!Q15 -> 0 | R15: =H15+K15+N15 -> 0
C16: Light Volatile Fraction | F16: =F14*(2/100) -> 0.8 | G16: 0.7996 | I16: T100 | J16: 1.135 | L16: T100 | M16: 1.155 | O16: T100 | P16: =G16+J16+M16 -> 3.0896 | Q16: =P16+'02'!Q16 -> 5.0209 | R16: =H16+K16+N16 -> 0
C17: Side Cut Fraction A | F17: =F14*12/100 -> 4.8 | G17: 0 | I17: T101 | J17: 0 | L17: T101 | M17: 0 | O17: T101 | P17: =G17+J17+M17 -> 0 | Q17: =P17+'02'!Q17 -> 0.227 | R17: =H17+K17+N17 -> 0
C18: Side Cut Fraction B | F18: - | G18: 11.797 | I18: T103 | J18: 11.911 | L18: T103 | M18: 11.441 | O18: T103 | P18: =G18+J18+M18 -> 35.149 | Q18: =P18+'02'!Q18 -> 68.239 | R18: =H18+K18+N18 -> 0
C19: Side Cut Fraction C | F19: - | P19: =G19+J19+M19 -> 0 | Q19: =P19+'02'!Q19 -> 0 | R19: =H19+K19+N19 -> 0
C20: Heavy Bottom Fraction | F20: - | P20: =G20+J20+M20 -> 0 | Q20: =P20+'02'!Q20 -> 0 | R20: =H20+K20+N20 -> 0
C21: Organic Residue Stream | F21: =F14*(0.5/100) -> 0.2 | G21: 0.4901 | I21: T107 | J21: 0.438 | L21: T107 | M21: 0.354 | O21: T107 | P21: =G21+J21+M21 -> 1.2821 | Q21: =P21+'02'!Q21 -> 2.4874 | R21: =H21+K21+N21 -> 0
A22: 102+ | C22: Feed Stream (C8-10 Process Input)) | F22: 24 | G22: 8.821 | I22: T24 | J22: 8.814 | L22: T24 | M22: 8.538 | O22: T24 | P22: =G22+J22+M22 -> 26.173 | Q22: =P22+'02'!Q22 -> 79.068 | R22: =H22+K22+N22 -> 0
C23: Hydrogenated Product Stream | F23: 24 | G23: 7.458 | I23: T112 | J23: 7.913 | L23: T112 | M23: 9.138 | O23: T112 | P23: =G23+J23+M23 -> 24.509 | Q23: =P23+'02'!Q23 -> 75.358 | R23: =H23+K23+N23 -> 0
A24: 103+ | C24: Light Hydrocarbon Fraction | F24: 24 | G24: 8.792 | I24: T112 | J24: 8.828 | L24: T112 | M24: 8.811 | O24: T112 | P24: =G24+J24+M24 -> 26.431 | Q24: =P24+'02'!Q24 -> 79.084 | R24: =H24+K24+N24 -> 0
C25: Light End (C6) | F25: - | G25: 0.1531 | I25: T117 | J25: 0.153 | L25: T117 | M25: 0.152 | O25: T117 | P25: =G25+J25+M25 -> 0.4581 | Q25: =P25+'02'!Q25 -> 1.3795 | R25: =H25+K25+N25 -> 0
C26: Distillation Side Cut A | F26: - | G26: 8.35 | I26: T115 | J26: 8.351 | L26: T115 | M26: 8.351 | O26: T115 | P26: =G26+J26+M26 -> 25.052 | Q26: =P26+'02'!Q26 -> 74.983 | R26: =H26+K26+N26 -> 0
C27: Distillation Side Cut B | F27: - | G27: 0 | I27: colom | J27: 0 | L27: colom | M27: 0 | O27: colom | P27: =G27+J27+M27 -> 0 | Q27: =P27+'02'!Q27 -> 0 | R27: =H27+K27+N27 -> 0
C28: Heavy Residual Stream | F28: - | G28: 0.3049 | I28: T119 | J28: 0.304 | L28: T119 | M28: 0.306 | O28: T119 | P28: =G28+J28+M28 -> 0.9149 | Q28: =P28+'02'!Q28 -> 2.713 | R28: =H28+K28+N28 -> 0
A29: 104 | C29: Feed Primary Stream (C8-10) | G29: 12.404 | I29: T120 | P29: =G29+J29+M29 -> 12.404 | Q29: =P29+'02'!Q29 -> 24.866 | R29: =H29+K29+N29 -> 0
C30: Feed Secondary Stream (Oleic Intermediate) | P30: =G30+J30+M30 -> 0 | Q30: =P30+'02'!Q30 -> 0 | R30: =H30+K30+N30 -> 0
C31: Feed Stream Auxiliary (Glycerol Phase) | G31: 2.464 | I31: T124 | P31: =G31+J31+M31 -> 2.464 | Q31: =P31+'02'!Q31 -> 4.931 | R31: =H31+K31+N31 -> 0
C32: Product Stream A (Medium Chain Ester) | M32: 0.919 | O32: T129 | P32: =G32+J32+M32 -> 0.919 | Q32: =P32+'02'!Q32 -> 23.937 | R32: =H32+K32+N32 -> 0
C33: Product Stream B (Distilled Chemical Output) | P33: =G33+J33+M33 -> 0 | Q33: =P33+'02'!Q33 -> 0 | R33: =H33+K33+N33 -> 0

Sheet 04
A5: Operation Month | D5: ='01'!D5 -> February | E5: ='01'!E5 -> 2026
A6: Operation Date | D6: ='03'!D6+1 -> 46057
A8: I. Production
A9: Sect. | C9: Description | F9: Capacity | G9: Shift II (7:00 - 15:00) | I9: Storage | J9: Shift III (15:00 - 23:00) | L9: Storage | M9: Shift I (23:00 - 7:00) | O9: Storage | P9: To Day | Q9: MTD | R9: D. Time
F10: MT/Day | G10: Product | H10: D.Time | I10: 122T... | J10: Product | K10: D.Time | L10: 122T... | M10: Product | N10: D.Time | O10: 122T... | R10: Hours
A11: 101 | C11: Feed Stream (C16-18 Raw Ester) | F11: 60 | G11: 8 | I11: T34 | J11: 24.9 | L11: T34 | M11: 19.8 | O11: T34 | P11: =G11+J11+M11 -> 52.7 | Q11: =P11+'03'!Q11 -> 52.7 | R11: =H11+K11+N11 -> 0
C12: Oleic Intermediate Stream | F12: 30 | M12: 11.2 | O12: T94/T95 | P12: =G12+J12+M12 -> 11.2 | Q12: =P12+'03'!Q12 -> 11.2 | R12: =H12+K12+N12 -> 0
C13: Heavy Phase Fraction | F13: 30 | P13: =G13+J13+M13 -> 0 | Q13: =P13+'03'!Q13 -> 0 | R13: =H13+K13+N13 -> 0
A14: 102 | C14: Feed Stream (Hydrogenated C16-18) | F14: 40 | G14: 13.686 | I14: T96 | J14: 12.192 | L14: T96 | M14: 13.549 | O14: T96 | P14: =G14+J14+M14 -> 39.427 | Q14: =P14+'03'!Q14 -> 116.659 | R14: =H14+K14+N14 -> 0
C15: Feed Stream (Hydrogenated Process Stock) | F15: 40 | P15: =G15+J15+M15 -> 0 | Q15: =P15+'03'!Q15 -> 0 | R15: =H15+K15+N15 -> 0
C16: Light Volatile Fraction | F16: =F14*(2/100) -> 0.8 | G16: 1.1883 | I16: T100 | J16: 1.069 | L16: T100 | M16: 1.161 | O16: T100 | P16: =G16+J16+M16 -> 3.4183 | Q16: =P16+'03'!Q16 -> 8.4392 | R16: =H16+K16+N16 -> 0
C17: Side Cut Fraction A | F17: =F14*12/100 -> 4.8 | P17: =G17+J17+M17 -> 0 | Q17: =P17+'03'!Q17 -> 0.227 | R17: =H17+K17+N17 -> 0
C18: Side Cut Fraction B | F18: - | G18: 12.299 | I18: T103 | J18: 10.513 | L18: T103 | M18: 11.681 | O18: T103 | P18: =G18+J18+M18 -> 34.493 | Q18: =P18+'03'!Q18 -> 102.732 | R18: =H18+K18+N18 -> 0
C19: Side Cut Fraction C | F19: - | P19: =G19+J19+M19 -> 0 | Q19: =P19+'03'!Q19 -> 0 | R19: =H19+K19+N19 -> 0
C20: Heavy Bottom Fraction | F20: - | P20: =G20+J20+M20 -> 0 | Q20: =P20+'03'!Q20 -> 0 | R20: =H20+K20+N20 -> 0
C21: Organic Residue Stream | F21: =F14*(0.5/100) -> 0.2 | G21: 0.4105 | I21: T107 | J21: 0.404 | L21: T107 | M21: 0.444 | O21: T107 | P21: =G21+J21+M21 -> 1.2585 | Q21: =P21+'03'!Q21 -> 3.7459 | R21: =H21+K21+N21 -> 0
A22: 102+ | C22: Feed Stream (C8-10 Process Input)) | F22: 24 | G22: 0.277 | I22: T24 | P22: =G22+J22+M22 -> 0.277 | Q22: =P22+'03'!Q22 -> 79.345 | R22: =H22+K22+N22 -> 0
C23: Hydrogenated Product Stream | F23: 24 | G23: 6.307 | I23: T112 | P23: =G23+J23+M23 -> 6.307 | Q23: =P23+'03'!Q23 -> 81.665 | R23: =H23+K23+N23 -> 0
A24: 103+ | C24: Light Hydrocarbon Fraction | F24: 24 | G24: 8.792 | I24: T112 | J24: 8.792 | L24: T112 | M24: 8.811 | O24: T112 | P24: =G24+J24+M24 -> 26.395 | Q24: =P24+'03'!Q24 -> 105.479 | R24: =H24+K24+N24 -> 0
C25: Light End (C6) | F25: - | G25: 0.1533 | I25: T117 | J25: 0.153 | L25: T117 | M25: 0.153 | O25: T117 | P25: =G25+J25+M25 -> 0.4593 | Q25: =P25+'03'!Q25 -> 1.8388 | R25: =H25+K25+N25 -> 0
C26: Distillation Side Cut A | F26: - | G26: 8.35 | I26: T115 | J26: 8.352 | L26: T115 | M26: 8.35 | O26: T115 | P26: =G26+J26+M26 -> 25.052 | Q26: =P26+'03'!Q26 -> 100.035 | R26: =H26+K26+N26 -> 0
C27: Distillation Side Cut B | F27: - | G27: 0 | I27: colom | J27: 0 | L27: colom | M27: 0 | O27: colom | P27: =G27+J27+M27 -> 0 | Q27: =P27+'03'!Q27 -> 0 | R27: =H27+K27+N27 -> 0
C28: Heavy Residual Stream | F28: - | G28: 0.3056 | I28: T119 | J28: 0.304 | L28: T119 | M28: 0.306 | O28: T119 | P28: =G28+J28+M28 -> 0.9156 | Q28: =P28+'03'!Q28 -> 3.6286 | R28: =H28+K28+N28 -> 0
A29: 104 | C29: Feed Primary Stream (C8-10) | J29: 12.182 | L29: T120 | P29: =G29+J29+M29 -> 12.182 | Q29: =P29+'03'!Q29 -> 37.048 | R29: =H29+K29+N29 -> 0
C30: Feed Secondary Stream (Oleic Intermediate) | P30: =G30+J30+M30 -> 0 | Q30: =P30+'03'!Q30 -> 0 | R30: =H30+K30+N30 -> 0
C31: Feed Stream Auxiliary (Glycerol Phase) | J31: 2.47 | L31: T124 | P31: =G31+J31+M31 -> 2.47 | Q31: =P31+'03'!Q31 -> 7.401 | R31: =H31+K31+N31 -> 0
C32: Product Stream A (Medium Chain Ester) | G32: 12.063 | I32: T129 | P32: =G32+J32+M32 -> 12.063 | Q32: =P32+'03'!Q32 -> 36 | R32: =H32+K32+N32 -> 0
C33: Product Stream B (Distilled Chemical Output) | P33: =G33+J33+M33 -> 0 | Q33: =P33+'03'!Q33 -> 0 | R33: =H33+K33+N33 -> 0

Sheet 05
A5: Operation Month | D5: ='01'!D5 -> February | E5: ='01'!E5 -> 2026
A6: Operation Date | D6: ='04'!D6+1 -> 46058
A8: I. Production
A9: Sect. | C9: Description | F9: Capacity | G9: Shift II (7:00 - 15:00) | I9: Storage | J9: Shift III (15:00 - 23:00) | L9: Storage | M9: Shift I (23:00 - 7:00) | O9: Storage | P9: To Day | Q9: MTD | R9: D. Time
F10: MT/Day | G10: Product | H10: D.Time | I10: 122T... | J10: Product | K10: D.Time | L10: 122T... | M10: Product | N10: D.Time | O10: 122T... | R10: Hours
A11: 101 | C11: Feed Stream (C16-18 Raw Ester) | F11: 60 | G11: 19.9 | I11: T34 | J11: 23.6 | L11: T34 | M11: 17.2 | O11: T34 | P11: =G11+J11+M11 -> 60.7 | Q11: =P11+'04'!Q11 -> 113.4 | R11: =H11+K11+N11 -> 0
C12: Oleic Intermediate Stream | F12: 30 | G12: 10.1 | I12: T94 | J12: 13.4 | L12: T94 | M12: 9 | O12: T94 | P12: =G12+J12+M12 -> 32.5 | Q12: =P12+'04'!Q12 -> 43.7 | R12: =H12+K12+N12 -> 0
C13: Heavy Phase Fraction | F13: 30 | G13: 8.9 | I13: T99 | J13: 13.5 | L13: T99 | M13: 7.3 | O13: T99 | P13: =G13+J13+M13 -> 29.7 | Q13: =P13+'04'!Q13 -> 29.7 | R13: =H13+K13+N13 -> 0
A14: 102 | C14: Feed Stream (Hydrogenated C16-18) | F14: 40 | G14: 6.437 | I14: T96 | J14: 0.416 | L14: T96 | M14: 8.584 | O14: T96 | P14: =G14+J14+M14 -> 15.437 | Q14: =P14+'04'!Q14 -> 132.096 | R14: =H14+K14+N14 -> 0
C15: Feed Stream (Hydrogenated Process Stock) | F15: 40 | P15: =G15+J15+M15 -> 0 | Q15: =P15+'04'!Q15 -> 0 | R15: =H15+K15+N15 -> 0
C16: Light Volatile Fraction | F16: =F14*(2/100) -> 0.8 | G16: 0.737 | I16: 102 | J16: 0.0382 | L16: T102 | M16: 0.8809 | O16: T102 | P16: =G16+J16+M16 -> 1.6561 | Q16: =P16+'04'!Q16 -> 10.0953 | R16: =H16+K16+N16 -> 0
C17: Side Cut Fraction A | F17: =F14*12/100 -> 4.8 | P17: =G17+J17+M17 -> 0 | Q17: =P17+'04'!Q17 -> 0.227 | R17: =H17+K17+N17 -> 0
C18: Side Cut Fraction B | F18: - | P18: =G18+J18+M18 -> 0 | Q18: =P18+'04'!Q18 -> 102.732 | R18: =H18+K18+N18 -> 0
C19: Side Cut Fraction C | F19: - | G19: 6.32 | I19: T103 | J19: 0.272 | L19: T103 | M19: 7.121 | O19: T103 | P19: =G19+J19+M19 -> 13.713 | Q19: =P19+'04'!Q19 -> 13.713 | R19: =H19+K19+N19 -> 0
C20: Heavy Bottom Fraction | F20: - | J20: 0.37 | L20: T106 | M20: 0.436 | O20: T106 | P20: =G20+J20+M20 -> 0.806 | Q20: =P20+'04'!Q20 -> 0.806 | R20: =H20+K20+N20 -> 0
C21: Organic Residue Stream | F21: =F14*(0.5/100) -> 0.2 | G21: 0.4001 | I21: T107 | J21: 0.015 | L21: T107 | M21: 0.3379 | O21: T107 | P21: =G21+J21+M21 -> 0.753 | Q21: =P21+'04'!Q21 -> 4.4989 | R21: =H21+K21+N21 -> 0
A22: 102+ | C22: Feed Stream (C8-10 Process Input)) | F22: 24 | P22: =G22+J22+M22 -> 0 | Q22: =P22+'04'!Q22 -> 79.345 | R22: =H22+K22+N22 -> 0
C23: Hydrogenated Product Stream | F23: 24 | P23: =G23+J23+M23 -> 0 | Q23: =P23+'04'!Q23 -> 81.665 | R23: =H23+K23+N23 -> 0
A24: 103+ | C24: Light Hydrocarbon Fraction | F24: 24 | P24: =G24+J24+M24 -> 0 | Q24: =P24+'04'!Q24 -> 105.479 | R24: =H24+K24+N24 -> 0
C25: Light End (C6) | F25: - | P25: =G25+J25+M25 -> 0 | Q25: =P25+'04'!Q25 -> 1.8388 | R25: =H25+K25+N25 -> 0
C26: Distillation Side Cut A | F26: - | P26: =G26+J26+M26 -> 0 | Q26: =P26+'04'!Q26 -> 100.035 | R26: =H26+K26+N26 -> 0
C27: Distillation Side Cut B | F27: - | P27: =G27+J27+M27 -> 0 | Q27: =P27+'04'!Q27 -> 0 | R27: =H27+K27+N27 -> 0
C28: Heavy Residual Stream | F28: - | P28: =G28+J28+M28 -> 0 | Q28: =P28+'04'!Q28 -> 3.6286 | R28: =H28+K28+N28 -> 0
A29: 104 | C29: Feed Primary Stream (C8-10) | M29: 12.35 | O29: T120 | P29: =G29+J29+M29 -> 12.35 | Q29: =P29+'04'!Q29 -> 49.398 | R29: =H29+K29+N29 -> 0
C30: Feed Secondary Stream (Oleic Intermediate) | P30: =G30+J30+M30 -> 0 | Q30: =P30+'04'!Q30 -> 0 | R30: =H30+K30+N30 -> 0
C31: Feed Stream Auxiliary (Glycerol Phase) | M31: 2.468 | O31: T124 | P31: =G31+J31+M31 -> 2.468 | Q31: =P31+'04'!Q31 -> 9.869 | R31: =H31+K31+N31 -> 0
C32: Product Stream A (Medium Chain Ester) | J32: 9.136 | L32: T128 | M32: 3.686 | O32: T128 | P32: =G32+J32+M32 -> 12.822 | Q32: =P32+'04'!Q32 -> 48.822 | R32: =H32+K32+N32 -> 0
C33: Product Stream B (Distilled Chemical Output) | P33: =G33+J33+M33 -> 0 | Q33: =P33+'04'!Q33 -> 0 | R33: =H33+K33+N33 -> 0

Sheet 06
A5: Operation Month | D5: ='01'!D5 -> February | E5: ='01'!E5 -> 2026
A6: Operation Date | D6: ='05'!D6+1 -> 46059
A8: I. Production
A9: Sect. | C9: Description | F9: Capacity | G9: Shift II (7:00 - 15:00) | I9: Storage | J9: Shift III (15:00 - 23:00) | L9: Storage | M9: Shift I (23:00 - 7:00) | O9: Storage | P9: To Day | Q9: MTD | R9: D. Time
F10: MT/Day | G10: Product | H10: D.Time | I10: 122T... | J10: Product | K10: D.Time | L10: 122T... | M10: Product | N10: D.Time | O10: 122T... | R10: Hours
A11: 101 | C11: Feed Stream (C16-18 Raw Ester) | F11: 60 | G11: 15.8 | I11: T34 | J11: 22 | L11: T34 | M11: 22.7 | O11: T34 | P11: =G11+J11+M11 -> 60.5 | Q11: =P11+'05'!Q11 -> 173.9 | R11: =H11+K11+N11 -> 0
C12: Oleic Intermediate Stream | F12: 30 | G12: 10.5 | I12: T94 | J12: 10.4 | L12: T94 | M12: 13.1 | O12: T94 | P12: =G12+J12+M12 -> 34 | Q12: =P12+'05'!Q12 -> 77.7 | R12: =H12+K12+N12 -> 0
C13: Heavy Phase Fraction | F13: 30 | G13: 7.7 | I13: T99 | J13: 10.7 | L13: T99 | M13: 8.7 | O13: T99 | P13: =G13+J13+M13 -> 27.1 | Q13: =P13+'05'!Q13 -> 56.8 | R13: =H13+K13+N13 -> 0
A14: 102 | C14: Feed Stream (Hydrogenated C16-18) | F14: 40 | G14: 6.184 | I14: T96 | J14: 8.173 | L14: T96 | M14: 7.668 | O14: T96 | P14: =G14+J14+M14 -> 22.025 | Q14: =P14+'05'!Q14 -> 154.121 | R14: =H14+K14+N14 -> 0
C15: Feed Stream (Hydrogenated Process Stock) | F15: 40 | P15: =G15+J15+M15 -> 0 | Q15: =P15+'05'!Q15 -> 0 | R15: =H15+K15+N15 -> 0
C16: Light Volatile Fraction | F16: =F14*(2/100) -> 0.8 | G16: 0.783 | I16: 100 | J16: 0.734 | L16: 100 | M16: 0.693 | O16: 100 | P16: =G16+J16+M16 -> 2.21 | Q16: =P16+'05'!Q16 -> 12.3053 | R16: =H16+K16+N16 -> 0
C17: Side Cut Fraction A | F17: =F14*12/100 -> 4.8 | P17: =G17+J17+M17 -> 0 | Q17: =P17+'05'!Q17 -> 0.227 | R17: =H17+K17+N17 -> 0
C18: Side Cut Fraction B | F18: - | P18: =G18+J18+M18 -> 0 | Q18: =P18+'05'!Q18 -> 102.732 | R18: =H18+K18+N18 -> 0
C19: Side Cut Fraction C | F19: - | G19: 4.248 | I19: T101 | J19: 6.087 | L19: T101 | M19: 6.128 | O19: T101 | P19: =G19+J19+M19 -> 16.463 | Q19: =P19+'05'!Q19 -> 30.176 | R19: =H19+K19+N19 -> 0
C20: Heavy Bottom Fraction | F20: - | P20: =G20+J20+M20 -> 0 | Q20: =P20+'05'!Q20 -> 0.806 | R20: =H20+K20+N20 -> 0
C21: Organic Residue Stream | F21: =F14*(0.5/100) -> 0.2 | G21: 0.4217 | I21: T107 | J21: 1.315 | L21: T107 | M21: 0.9213 | O21: T107 | P21: =G21+J21+M21 -> 2.658 | Q21: =P21+'05'!Q21 -> 7.1569 | R21: =H21+K21+N21 -> 0
A22: 102+ | C22: Feed Stream (C8-10 Process Input)) | F22: 24 | P22: =G22+J22+M22 -> 0 | Q22: =P22+'05'!Q22 -> 79.345 | R22: =H22+K22+N22 -> 0
C23: Hydrogenated Product Stream | F23: 24 | P23: =G23+J23+M23 -> 0 | Q23: =P23+'05'!Q23 -> 81.665 | R23: =H23+K23+N23 -> 0
A24: 103+ | C24: Light Hydrocarbon Fraction | F24: 24 | P24: =G24+J24+M24 -> 0 | Q24: =P24+'05'!Q24 -> 105.479 | R24: =H24+K24+N24 -> 0
C25: Light End (C6) | F25: - | P25: =G25+J25+M25 -> 0 | Q25: =P25+'05'!Q25 -> 1.8388 | R25: =H25+K25+N25 -> 0
C26: Distillation Side Cut A | F26: - | P26: =G26+J26+M26 -> 0 | Q26: =P26+'05'!Q26 -> 100.035 | R26: =H26+K26+N26 -> 0
C27: Distillation Side Cut B | F27: - | P27: =G27+J27+M27 -> 0 | Q27: =P27+'05'!Q27 -> 0 | R27: =H27+K27+N27 -> 0
C28: Heavy Residual Stream | F28: - | P28: =G28+J28+M28 -> 0 | Q28: =P28+'05'!Q28 -> 3.6286 | R28: =H28+K28+N28 -> 0
A29: 104 | C29: Feed Primary Stream (C8-10) | P29: =G29+J29+M29 -> 0 | Q29: =P29+'05'!Q29 -> 49.398 | R29: =H29+K29+N29 -> 0
C30: Feed Secondary Stream (Oleic Intermediate) | P30: =G30+J30+M30 -> 0 | Q30: =P30+'05'!Q30 -> 0 | R30: =H30+K30+N30 -> 0
C31: Feed Stream Auxiliary (Glycerol Phase) | P31: =G31+J31+M31 -> 0 | Q31: =P31+'05'!Q31 -> 9.869 | R31: =H31+K31+N31 -> 0
C32: Product Stream A (Medium Chain Ester) | J32: 1.551 | L32: T128 | M32: 11.378 | O32: T128 | P32: =G32+J32+M32 -> 12.929 | Q32: =P32+'05'!Q32 -> 61.751 | R32: =H32+K32+N32 -> 0
C33: Product Stream B (Distilled Chemical Output) | P33: =G33+J33+M33 -> 0 | Q33: =P33+'05'!Q33 -> 0 | R33: =H33+K33+N33 -> 0

Sheet 07
A5: Operation Month | D5: ='01'!D5 -> February | E5: ='01'!E5 -> 2026
A6: Operation Date | D6: ='06'!D6+1 -> 46060
A8: I. Production
A9: Sect. | C9: Description | F9: Capacity | G9: Shift II (7:00 - 15:00) | I9: Storage | J9: Shift III (15:00 - 23:00) | L9: Storage | M9: Shift I (23:00 - 7:00) | O9: Storage | P9: To Day | Q9: MTD | R9: D. Time
F10: MT/Day | G10: Product | H10: D.Time | I10: 122T... | J10: Product | K10: D.Time | L10: 122T... | M10: Product | N10: D.Time | O10: 122T... | R10: Hours
A11: 101 | C11: Feed Stream (C16-18 Raw Ester) | F11: 60 | G11: 16.3 | I11: T34 | J11: 22.3 | L11: T34 | M11: 23.1 | O11: T34 | P11: =G11+J11+M11 -> 61.7 | Q11: =P11+'06'!Q11 -> 235.6 | R11: =H11+K11+N11 -> 0
C12: Oleic Intermediate Stream | F12: 30 | G12: 10.5 | I12: T94 | J12: 11.1 | L12: T94 | M12: 12.5 | O12: T94/T95 | P12: =G12+J12+M12 -> 34.1 | Q12: =P12+'06'!Q12 -> 111.8 | R12: =H12+K12+N12 -> 0
C13: Heavy Phase Fraction | F13: 30 | G13: 9.9 | I13: T99 | J13: 10.2 | L13: T99 | M13: 7.4 | O13: T99 | P13: =G13+J13+M13 -> 27.5 | Q13: =P13+'06'!Q13 -> 84.3 | R13: =H13+K13+N13 -> 0
A14: 102 | C14: Feed Stream (Hydrogenated C16-18) | F14: 40 | G14: 4.773 | I14: T96 | P14: =G14+J14+M14 -> 4.773 | Q14: =P14+'06'!Q14 -> 158.894 | R14: =H14+K14+N14 -> 0
C15: Feed Stream (Hydrogenated Process Stock) | F15: 40 | P15: =G15+J15+M15 -> 0 | Q15: =P15+'06'!Q15 -> 0 | R15: =H15+K15+N15 -> 0
C16: Light Volatile Fraction | F16: =F14*(2/100) -> 0.8 | G16: 0.5734 | I16: 100 | P16: =G16+J16+M16 -> 0.5734 | Q16: =P16+'06'!Q16 -> 12.8787 | R16: =H16+K16+N16 -> 0
C17: Side Cut Fraction A | F17: =F14*12/100 -> 4.8 | P17: =G17+J17+M17 -> 0 | Q17: =P17+'06'!Q17 -> 0.227 | R17: =H17+K17+N17 -> 0
C18: Side Cut Fraction B | F18: - | P18: =G18+J18+M18 -> 0 | Q18: =P18+'06'!Q18 -> 102.732 | R18: =H18+K18+N18 -> 0
C19: Side Cut Fraction C | F19: - | G19: 4.293 | I19: T101 | P19: =G19+J19+M19 -> 4.293 | Q19: =P19+'06'!Q19 -> 34.469 | R19: =H19+K19+N19 -> 0
C20: Heavy Bottom Fraction | F20: - | P20: =G20+J20+M20 -> 0 | Q20: =P20+'06'!Q20 -> 0.806 | R20: =H20+K20+N20 -> 0
C21: Organic Residue Stream | F21: =F14*(0.5/100) -> 0.2 | G21: 0.681 | I21: T107 | P21: =G21+J21+M21 -> 0.681 | Q21: =P21+'06'!Q21 -> 7.8379 | R21: =H21+K21+N21 -> 0
A22: 102+ | C22: Feed Stream (C8-10 Process Input)) | F22: 24 | P22: =G22+J22+M22 -> 0 | Q22: =P22+'06'!Q22 -> 79.345 | R22: =H22+K22+N22 -> 0
C23: Hydrogenated Product Stream | F23: 24 | P23: =G23+J23+M23 -> 0 | Q23: =P23+'06'!Q23 -> 81.665 | R23: =H23+K23+N23 -> 0
A24: 103+ | C24: Light Hydrocarbon Fraction | F24: 24 | G24: 0 | I24: T119 | J24: 0.996 | L24: T119 | M24: 7.393 | O24: T119 | P24: =G24+J24+M24 -> 8.389 | Q24: =P24+'06'!Q24 -> 113.868 | R24: =H24+K24+N24 -> 0
C25: Light End (C6) | F25: - | G25: 0 | I25: T117 | J25: 0.74 | L25: T117 | M25: 0.5249 | O25: T117 | P25: =G25+J25+M25 -> 1.2649 | Q25: =P25+'06'!Q25 -> 3.1037 | R25: =H25+K25+N25 -> 0
C26: Distillation Side Cut A | F26: - | G26: 0 | I26: T117 | J26: 0.865 | L26: T117 | M26: 6.077 | O26: T117 | P26: =G26+J26+M26 -> 6.942 | Q26: =P26+'06'!Q26 -> 106.977 | R26: =H26+K26+N26 -> 0
C27: Distillation Side Cut B | F27: - | P27: =G27+J27+M27 -> 0 | Q27: =P27+'06'!Q27 -> 0 | R27: =H27+K27+N27 -> 0
C28: Heavy Residual Stream | F28: - | G28: 0 | I28: T107 | J28: 0.121 | L28: T107 | M28: 0.8578 | O28: T107 | P28: =G28+J28+M28 -> 0.9788 | Q28: =P28+'06'!Q28 -> 4.6074 | R28: =H28+K28+N28 -> 0
A29: 104 | C29: Feed Primary Stream (C8-10) | G29: 12.413 | I29: T120 | P29: =G29+J29+M29 -> 12.413 | Q29: =P29+'06'!Q29 -> 61.811 | R29: =H29+K29+N29 -> 0
C30: Feed Secondary Stream (Oleic Intermediate) | P30: =G30+J30+M30 -> 0 | Q30: =P30+'06'!Q30 -> 0 | R30: =H30+K30+N30 -> 0
C31: Feed Stream Auxiliary (Glycerol Phase) | G31: 2.468 | I31: T124 | P31: =G31+J31+M31 -> 2.468 | Q31: =P31+'06'!Q31 -> 12.337 | R31: =H31+K31+N31 -> 0
C32: Product Stream A (Medium Chain Ester) | M32: 1.332 | O32: T127 | P32: =G32+J32+M32 -> 1.332 | Q32: =P32+'06'!Q32 -> 63.083 | R32: =H32+K32+N32 -> 0
C33: Product Stream B (Distilled Chemical Output) | P33: =G33+J33+M33 -> 0 | Q33: =P33+'06'!Q33 -> 0 | R33: =H33+K33+N33 -> 0

Sheet 08
A5: Operation Month | D5: ='01'!D5 -> February | E5: ='01'!E5 -> 2026
A6: Operation Date | D6: ='07'!D6+1 -> 46061
A8: I. Production
A9: Sect. | C9: Description | F9: Capacity | G9: Shift II (7:00 - 15:00) | I9: Storage | J9: Shift III (15:00 - 23:00) | L9: Storage | M9: Shift I (23:00 - 7:00) | O9: Storage | P9: To Day | Q9: MTD | R9: D. Time
F10: MT/Day | G10: Product | H10: D.Time | I10: 122T... | J10: Product | K10: D.Time | L10: 122T... | M10: Product | N10: D.Time | O10: 122T... | R10: Hours
A11: 101 | C11: Feed Stream (C16-18 Raw Ester) | F11: 60 | G11: 15.2 | I11: T34 | J11: 23.1 | L11: T34 | M11: 22.1 | O11: T34 | P11: =G11+J11+M11 -> 60.4 | Q11: =P11+'07'!Q11 -> 296 | R11: =H11+K11+N11 -> 0
C12: Oleic Intermediate Stream | F12: 30 | G12: 8.8 | I12: T94/T95 | J12: 10.8 | L12: T94 | M12: 14.6 | O12: T94 | P12: =G12+J12+M12 -> 34.2 | Q12: =P12+'07'!Q12 -> 146 | R12: =H12+K12+N12 -> 0
C13: Heavy Phase Fraction | F13: 30 | G13: 8.9 | I13: T99 | J13: 8.7 | L13: T99 | M13: 10.1 | O13: T99 | P13: =G13+J13+M13 -> 27.7 | Q13: =P13+'07'!Q13 -> 112 | R13: =H13+K13+N13 -> 0
A14: 102 | C14: Feed Stream (Hydrogenated C16-18) | F14: 40 | P14: =G14+J14+M14 -> 0 | Q14: =P14+'07'!Q14 -> 158.894 | R14: =H14+K14+N14 -> 0
C15: Feed Stream (Hydrogenated Process Stock) | F15: 40 | P15: =G15+J15+M15 -> 0 | Q15: =P15+'07'!Q15 -> 0 | R15: =H15+K15+N15 -> 0
C16: Light Volatile Fraction | F16: =F14*(2/100) -> 0.8 | P16: =G16+J16+M16 -> 0 | Q16: =P16+'07'!Q16 -> 12.8787 | R16: =H16+K16+N16 -> 0
C17: Side Cut Fraction A | F17: =F14*12/100 -> 4.8 | P17: =G17+J17+M17 -> 0 | Q17: =P17+'07'!Q17 -> 0.227 | R17: =H17+K17+N17 -> 0
C18: Side Cut Fraction B | F18: - | P18: =G18+J18+M18 -> 0 | Q18: =P18+'07'!Q18 -> 102.732 | R18: =H18+K18+N18 -> 0
C19: Side Cut Fraction C | F19: - | P19: =G19+J19+M19 -> 0 | Q19: =P19+'07'!Q19 -> 34.469 | R19: =H19+K19+N19 -> 0
C20: Heavy Bottom Fraction | F20: - | P20: =G20+J20+M20 -> 0 | Q20: =P20+'07'!Q20 -> 0.806 | R20: =H20+K20+N20 -> 0
C21: Organic Residue Stream | F21: =F14*(0.5/100) -> 0.2 | P21: =G21+J21+M21 -> 0 | Q21: =P21+'07'!Q21 -> 7.8379 | R21: =H21+K21+N21 -> 0
A22: 102+ | C22: Feed Stream (C8-10 Process Input)) | F22: 24 | P22: =G22+J22+M22 -> 0 | Q22: =P22+'07'!Q22 -> 79.345 | R22: =H22+K22+N22 -> 0
C23: Hydrogenated Product Stream | F23: 24 | P23: =G23+J23+M23 -> 0 | Q23: =P23+'07'!Q23 -> 81.665 | R23: =H23+K23+N23 -> 0
A24: 103+ | C24: Light Hydrocarbon Fraction | F24: 24 | G24: 5.316 | I24: T119 | J24: 5.685 | L24: T114 | M24: 7.226 | O24: T114 | P24: =G24+J24+M24 -> 18.227 | Q24: =P24+'07'!Q24 -> 132.095 | R24: =H24+K24+N24 -> 0
C25: Light End (C6) | F25: - | G25: 0.3981 | I25: T117 | J25: 0.215 | L25: T117 | M25: 0.2468 | O25: T117 | P25: =G25+J25+M25 -> 0.8599 | Q25: =P25+'07'!Q25 -> 3.9636 | R25: =H25+K25+N25 -> 0
C26: Distillation Side Cut A | F26: - | G26: 4.363 | I26: T117 | J26: 4.962 | L26: T117 | M26: 6.428 | O26: T117 | P26: =G26+J26+M26 -> 15.753 | Q26: =P26+'07'!Q26 -> 122.73 | R26: =H26+K26+N26 -> 0
C27: Distillation Side Cut B | F27: - | P27: =G27+J27+M27 -> 0 | Q27: =P27+'07'!Q27 -> 0 | R27: =H27+K27+N27 -> 0
C28: Heavy Residual Stream | F28: - | G28: 0.6367 | I28: T107 | J28: 0.635 | L28: T107 | M28: 0.5275 | O28: T107 | P28: =G28+J28+M28 -> 1.7992 | Q28: =P28+'07'!Q28 -> 6.4066 | R28: =H28+K28+N28 -> 0
A29: 104 | C29: Feed Primary Stream (C8-10) | J29: 12.584 | L29: T120 | P29: =G29+J29+M29 -> 12.584 | Q29: =P29+'07'!Q29 -> 74.395 | R29: =H29+K29+N29 -> 0
C30: Feed Secondary Stream (Oleic Intermediate) | P30: =G30+J30+M30 -> 0 | Q30: =P30+'07'!Q30 -> 0 | R30: =H30+K30+N30 -> 0
C31: Feed Stream Auxiliary (Glycerol Phase) | J31: 2.463 | L31: T124 | P31: =G31+J31+M31 -> 2.463 | Q31: =P31+'07'!Q31 -> 14.8 | R31: =H31+K31+N31 -> 0
C32: Product Stream A (Medium Chain Ester) | G32: 11.291 | I32: T127 | P32: =G32+J32+M32 -> 11.291 | Q32: =P32+'07'!Q32 -> 74.374 | R32: =H32+K32+N32 -> 0
C33: Product Stream B (Distilled Chemical Output) | P33: =G33+J33+M33 -> 0 | Q33: =P33+'07'!Q33 -> 0 | R33: =H33+K33+N33 -> 0

Sheet 09
A5: Operation Month | D5: ='01'!D5 -> February | E5: ='01'!E5 -> 2026
A6: Operation Date | D6: ='08'!D6+1 -> 46062
A8: I. Production
A9: Sect. | C9: Description | F9: Capacity | G9: Shift II (7:00 - 15:00) | I9: Storage | J9: Shift III (15:00 - 23:00) | L9: Storage | M9: Shift I (23:00 - 7:00) | O9: Storage | P9: To Day | Q9: MTD | R9: D. Time
F10: MT/Day | G10: Product | H10: D.Time | I10: 122T... | J10: Product | K10: D.Time | L10: 122T... | M10: Product | N10: D.Time | O10: 122T... | R10: Hours
A11: 101 | C11: Feed Stream (C16-18 Raw Ester) | F11: 60 | G11: 18.6 | I11: T34 | J11: 20.2 | L11: T34 | M11: 22.5 | O11: T34 | P11: =G11+J11+M11 -> 61.3 | Q11: =P11+'08'!Q11 -> 357.3 | R11: =H11+K11+N11 -> 0
C12: Oleic Intermediate Stream | F12: 30 | G12: 11.5 | I12: T94/T95 | J12: 9.4 | L12: T94 | M12: 14 | O12: T94 | P12: =G12+J12+M12 -> 34.9 | Q12: =P12+'08'!Q12 -> 180.9 | R12: =H12+K12+N12 -> 0
C13: Heavy Phase Fraction | F13: 30 | G13: 7.9 | I13: T99 | J13: 12.7 | L13: T99 | M13: 8.3 | O13: T99 | P13: =G13+J13+M13 -> 28.9 | Q13: =P13+'08'!Q13 -> 140.9 | R13: =H13+K13+N13 -> 0
A14: 102 | C14: Feed Stream (Hydrogenated C16-18) | F14: 40 | P14: =G14+J14+M14 -> 0 | Q14: =P14+'08'!Q14 -> 158.894 | R14: =H14+K14+N14 -> 0
C15: Feed Stream (Hydrogenated Process Stock) | F15: 40 | P15: =G15+J15+M15 -> 0 | Q15: =P15+'08'!Q15 -> 0 | R15: =H15+K15+N15 -> 0
C16: Light Volatile Fraction | F16: =F14*(2/100) -> 0.8 | P16: =G16+J16+M16 -> 0 | Q16: =P16+'08'!Q16 -> 12.8787 | R16: =H16+K16+N16 -> 0
C17: Side Cut Fraction A | F17: =F14*12/100 -> 4.8 | P17: =G17+J17+M17 -> 0 | Q17: =P17+'08'!Q17 -> 0.227 | R17: =H17+K17+N17 -> 0
C18: Side Cut Fraction B | F18: - | P18: =G18+J18+M18 -> 0 | Q18: =P18+'08'!Q18 -> 102.732 | R18: =H18+K18+N18 -> 0
C19: Side Cut Fraction C | F19: - | P19: =G19+J19+M19 -> 0 | Q19: =P19+'08'!Q19 -> 34.469 | R19: =H19+K19+N19 -> 0
C20: Heavy Bottom Fraction | F20: - | P20: =G20+J20+M20 -> 0 | Q20: =P20+'08'!Q20 -> 0.806 | R20: =H20+K20+N20 -> 0
C21: Organic Residue Stream | F21: =F14*(0.5/100) -> 0.2 | P21: =G21+J21+M21 -> 0 | Q21: =P21+'08'!Q21 -> 7.8379 | R21: =H21+K21+N21 -> 0
A22: 102+ | C22: Feed Stream (C8-10 Process Input)) | F22: 24 | P22: =G22+J22+M22 -> 0 | Q22: =P22+'08'!Q22 -> 79.345 | R22: =H22+K22+N22 -> 0
C23: Hydrogenated Product Stream | F23: 24 | P23: =G23+J23+M23 -> 0 | Q23: =P23+'08'!Q23 -> 81.665 | R23: =H23+K23+N23 -> 0
A24: 103+ | C24: Light Hydrocarbon Fraction | F24: 24 | G24: 7.282 | I24: T114 | J24: 4.348 | L24: T114 | P24: =G24+J24+M24 -> 11.63 | Q24: =P24+'08'!Q24 -> 143.725 | R24: =H24+K24+N24 -> 0
C25: Light End (C6) | F25: - | G25: 0.2468 | I25: T117 | J25: 0.148 | L25: T117 | P25: =G25+J25+M25 -> 0.3948 | Q25: =P25+'08'!Q25 -> 4.3584 | R25: =H25+K25+N25 -> 0
C26: Distillation Side Cut A | F26: - | G26: 6.433 | I26: T117 | J26: 3.881 | L26: T117 | P26: =G26+J26+M26 -> 10.314 | Q26: =P26+'08'!Q26 -> 133.044 | R26: =H26+K26+N26 -> 0
C27: Distillation Side Cut B | F27: - | P27: =G27+J27+M27 -> 0 | Q27: =P27+'08'!Q27 -> 0 | R27: =H27+K27+N27 -> 0
C28: Heavy Residual Stream | F28: - | G28: 0.528 | I28: T107 | J28: 0.3597 | L28: T107 | P28: =G28+J28+M28 -> 0.8877 | Q28: =P28+'08'!Q28 -> 7.2943 | R28: =H28+K28+N28 -> 0
A29: 104 | C29: Feed Primary Stream (C8-10) | M29: 12.221 | O29: T120 | P29: =G29+J29+M29 -> 12.221 | Q29: =P29+'08'!Q29 -> 86.616 | R29: =H29+K29+N29 -> 0
C30: Feed Secondary Stream (Oleic Intermediate) | P30: =G30+J30+M30 -> 0 | Q30: =P30+'08'!Q30 -> 0 | R30: =H30+K30+N30 -> 0
C31: Feed Stream Auxiliary (Glycerol Phase) | M31: 2.465 | O31: T124 | P31: =G31+J31+M31 -> 2.465 | Q31: =P31+'08'!Q31 -> 17.265 | R31: =H31+K31+N31 -> 0
C32: Product Stream A (Medium Chain Ester) | G32: 3.517 | I32: T127 | J32: 9.471 | L32: T127 | P32: =G32+J32+M32 -> 12.988 | Q32: =P32+'08'!Q32 -> 87.362 | R32: =H32+K32+N32 -> 0
C33: Product Stream B (Distilled Chemical Output) | P33: =G33+J33+M33 -> 0 | Q33: =P33+'08'!Q33 -> 0 | R33: =H33+K33+N33 -> 0

Sheet 10
A5: Operation Month | D5: ='01'!D5 -> February | E5: ='01'!E5 -> 2026
A6: Operation Date | D6: ='09'!D6+1 -> 46063
A8: I. Production
A9: Sect. | C9: Description | F9: Capacity | G9: Shift II (7:00 - 15:00) | I9: Storage | J9: Shift III (15:00 - 23:00) | L9: Storage | M9: Shift I (23:00 - 7:00) | O9: Storage | P9: To Day | Q9: MTD | R9: D. Time
F10: MT/Day | G10: Product | H10: D.Time | I10: 122T... | J10: Product | K10: D.Time | L10: 122T... | M10: Product | N10: D.Time | O10: 122T... | R10: Hours
A11: 101 | C11: Feed Stream (C16-18 Raw Ester) | F11: 60 | G11: 19.2 | I11: T34 | J11: 20.1 | L11: T34 | M11: 22.9 | O11: T34 | P11: =G11+J11+M11 -> 62.2 | Q11: =P11+'09'!Q11 -> 419.5 | R11: =H11+K11+N11 -> 0
C12: Oleic Intermediate Stream | F12: 30 | G12: 10.2 | I12: T94 | J12: 9.9 | L12: T94 | M12: 14.1 | O12: T94 | P12: =G12+J12+M12 -> 34.2 | Q12: =P12+'09'!Q12 -> 215.1 | R12: =H12+K12+N12 -> 0
C13: Heavy Phase Fraction | F13: 30 | G13: 5.8 | I13: T99 | J13: 11.6 | L13: T99 | M13: 8.7 | O13: T99 | P13: =G13+J13+M13 -> 26.1 | Q13: =P13+'09'!Q13 -> 167 | R13: =H13+K13+N13 -> 0
A14: 102 | C14: Feed Stream (Hydrogenated C16-18) | F14: 40 | P14: =G14+J14+M14 -> 0 | Q14: =P14+'09'!Q14 -> 158.894 | R14: =H14+K14+N14 -> 0
C15: Feed Stream (Hydrogenated Process Stock) | F15: 40 | P15: =G15+J15+M15 -> 0 | Q15: =P15+'09'!Q15 -> 0 | R15: =H15+K15+N15 -> 0
C16: Light Volatile Fraction | F16: =F14*(2/100) -> 0.8 | P16: =G16+J16+M16 -> 0 | Q16: =P16+'09'!Q16 -> 12.8787 | R16: =H16+K16+N16 -> 0
C17: Side Cut Fraction A | F17: =F14*12/100 -> 4.8 | P17: =G17+J17+M17 -> 0 | Q17: =P17+'09'!Q17 -> 0.227 | R17: =H17+K17+N17 -> 0
C18: Side Cut Fraction B | F18: - | P18: =G18+J18+M18 -> 0 | Q18: =P18+'09'!Q18 -> 102.732 | R18: =H18+K18+N18 -> 0
C19: Side Cut Fraction C | F19: - | P19: =G19+J19+M19 -> 0 | Q19: =P19+'09'!Q19 -> 34.469 | R19: =H19+K19+N19 -> 0
C20: Heavy Bottom Fraction | F20: - | P20: =G20+J20+M20 -> 0 | Q20: =P20+'09'!Q20 -> 0.806 | R20: =H20+K20+N20 -> 0
C21: Organic Residue Stream | F21: =F14*(0.5/100) -> 0.2 | P21: =G21+J21+M21 -> 0 | Q21: =P21+'09'!Q21 -> 7.8379 | R21: =H21+K21+N21 -> 0
A22: 102+ | C22: Feed Stream (C8-10 Process Input)) | F22: 24 | P22: =G22+J22+M22 -> 0 | Q22: =P22+'09'!Q22 -> 79.345 | R22: =H22+K22+N22 -> 0
C23: Hydrogenated Product Stream | F23: 24 | P23: =G23+J23+M23 -> 0 | Q23: =P23+'09'!Q23 -> 81.665 | R23: =H23+K23+N23 -> 0
A24: 103+ | C24: Light Hydrocarbon Fraction | F24: 24 | P24: =G24+J24+M24 -> 0 | Q24: =P24+'09'!Q24 -> 143.725 | R24: =H24+K24+N24 -> 0
C25: Light End (C6) | F25: - | P25: =G25+J25+M25 -> 0 | Q25: =P25+'09'!Q25 -> 4.3584 | R25: =H25+K25+N25 -> 0
C26: Distillation Side Cut A | F26: - | P26: =G26+J26+M26 -> 0 | Q26: =P26+'09'!Q26 -> 133.044 | R26: =H26+K26+N26 -> 0
C27: Distillation Side Cut B | F27: - | P27: =G27+J27+M27 -> 0 | Q27: =P27+'09'!Q27 -> 0 | R27: =H27+K27+N27 -> 0
C28: Heavy Residual Stream | F28: - | P28: =G28+J28+M28 -> 0 | Q28: =P28+'09'!Q28 -> 7.2943 | R28: =H28+K28+N28 -> 0
A29: 104 | C29: Feed Primary Stream (C8-10) | P29: =G29+J29+M29 -> 0 | Q29: =P29+'09'!Q29 -> 86.616 | R29: =H29+K29+N29 -> 0
C30: Feed Secondary Stream (Oleic Intermediate) | P30: =G30+J30+M30 -> 0 | Q30: =P30+'09'!Q30 -> 0 | R30: =H30+K30+N30 -> 0
C31: Feed Stream Auxiliary (Glycerol Phase) | P31: =G31+J31+M31 -> 0 | Q31: =P31+'09'!Q31 -> 17.265 | R31: =H31+K31+N31 -> 0
C32: Product Stream A (Medium Chain Ester) | J32: 1.984 | L32: T127 | M32: 10.973 | O32: T127 | P32: =G32+J32+M32 -> 12.957 | Q32: =P32+'09'!Q32 -> 100.319 | R32: =H32+K32+N32 -> 0
C33: Product Stream B (Distilled Chemical Output) | P33: =G33+J33+M33 -> 0 | Q33: =P33+'09'!Q33 -> 0 | R33: =H33+K33+N33 -> 0

Sheet 11
A5: Operation Month | D5: ='01'!D5 -> February | E5: ='01'!E5 -> 2026
A6: Operation Date | D6: ='10'!D6+1 -> 46064
A8: I. Production
A9: Sect. | C9: Description | F9: Capacity | G9: Shift II (7:00 - 15:00) | I9: Storage | J9: Shift III (15:00 - 23:00) | L9: Storage | M9: Shift I (23:00 - 7:00) | O9: Storage | P9: To Day | Q9: MTD | R9: D. Time
F10: MT/Day | G10: Product | H10: D.Time | I10: 122T... | J10: Product | K10: D.Time | L10: 122T... | M10: Product | N10: D.Time | O10: 122T... | R10: Hours
A11: 101 | C11: Feed Stream (C16-18 Raw Ester) | F11: 60 | G11: 18.5 | I11: T34 | J11: 20.2 | L11: T34 | M11: 22.6 | O11: T34 | P11: =G11+J11+M11 -> 61.3 | Q11: =P11+'10'!Q11 -> 480.8 | R11: =H11+K11+N11 -> 0
C12: Oleic Intermediate Stream | F12: 30 | G12: 9.9 | I12: T94 | J12: 10.1 | L12: T94 | M12: 14.1 | O12: T94 | P12: =G12+J12+M12 -> 34.1 | Q12: =P12+'10'!Q12 -> 249.2 | R12: =H12+K12+N12 -> 0
C13: Heavy Phase Fraction | F13: 30 | G13: 8.7 | I13: T99 | J13: 8.8 | L13: T99 | M13: 8.8 | O13: T99 | P13: =G13+J13+M13 -> 26.3 | Q13: =P13+'10'!Q13 -> 193.3 | R13: =H13+K13+N13 -> 0
A14: 102 | C14: Feed Stream (Hydrogenated C16-18) | F14: 40 | P14: =G14+J14+M14 -> 0 | Q14: =P14+'10'!Q14 -> 158.894 | R14: =H14+K14+N14 -> 0
C15: Feed Stream (Hydrogenated Process Stock) | F15: 40 | P15: =G15+J15+M15 -> 0 | Q15: =P15+'10'!Q15 -> 0 | R15: =H15+K15+N15 -> 0
C16: Light Volatile Fraction | F16: =F14*(2/100) -> 0.8 | P16: =G16+J16+M16 -> 0 | Q16: =P16+'10'!Q16 -> 12.8787 | R16: =H16+K16+N16 -> 0
C17: Side Cut Fraction A | F17: =F14*12/100 -> 4.8 | P17: =G17+J17+M17 -> 0 | Q17: =P17+'10'!Q17 -> 0.227 | R17: =H17+K17+N17 -> 0
C18: Side Cut Fraction B | F18: - | P18: =G18+J18+M18 -> 0 | Q18: =P18+'10'!Q18 -> 102.732 | R18: =H18+K18+N18 -> 0
C19: Side Cut Fraction C | F19: - | P19: =G19+J19+M19 -> 0 | Q19: =P19+'10'!Q19 -> 34.469 | R19: =H19+K19+N19 -> 0
C20: Heavy Bottom Fraction | F20: - | P20: =G20+J20+M20 -> 0 | Q20: =P20+'10'!Q20 -> 0.806 | R20: =H20+K20+N20 -> 0
C21: Organic Residue Stream | F21: =F14*(0.5/100) -> 0.2 | P21: =G21+J21+M21 -> 0 | Q21: =P21+'10'!Q21 -> 7.8379 | R21: =H21+K21+N21 -> 0
A22: 102+ | C22: Feed Stream (C8-10 Process Input)) | F22: 24 | P22: =G22+J22+M22 -> 0 | Q22: =P22+'10'!Q22 -> 79.345 | R22: =H22+K22+N22 -> 0
C23: Hydrogenated Product Stream | F23: 24 | P23: =G23+J23+M23 -> 0 | Q23: =P23+'10'!Q23 -> 81.665 | R23: =H23+K23+N23 -> 0
A24: 103+ | C24: Light Hydrocarbon Fraction | F24: 24 | P24: =G24+J24+M24 -> 0 | Q24: =P24+'10'!Q24 -> 143.725 | R24: =H24+K24+N24 -> 0
C25: Light End (C6) | F25: - | P25: =G25+J25+M25 -> 0 | Q25: =P25+'10'!Q25 -> 4.3584 | R25: =H25+K25+N25 -> 0
C26: Distillation Side Cut A | F26: - | P26: =G26+J26+M26 -> 0 | Q26: =P26+'10'!Q26 -> 133.044 | R26: =H26+K26+N26 -> 0
C27: Distillation Side Cut B | F27: - | P27: =G27+J27+M27 -> 0 | Q27: =P27+'10'!Q27 -> 0 | R27: =H27+K27+N27 -> 0
C28: Heavy Residual Stream | F28: - | P28: =G28+J28+M28 -> 0 | Q28: =P28+'10'!Q28 -> 7.2943 | R28: =H28+K28+N28 -> 0
A29: 104 | C29: Feed Primary Stream (C8-10) | G29: 12.323 | I29: T120 | J29: 0 | L29: T120 | M29: 0 | O29: T120 | P29: =G29+J29+M29 -> 12.323 | Q29: =P29+'10'!Q29 -> 98.939 | R29: =H29+K29+N29 -> 0
C30: Feed Secondary Stream (Oleic Intermediate) | P30: =G30+J30+M30 -> 0 | Q30: =P30+'10'!Q30 -> 0 | R30: =H30+K30+N30 -> 0
C31: Feed Stream Auxiliary (Glycerol Phase) | G31: 2.467 | I31: T124 | J31: 0 | L31: T124 | M31: 0 | O31: T124 | P31: =G31+J31+M31 -> 2.467 | Q31: =P31+'10'!Q31 -> 19.732 | R31: =H31+K31+N31 -> 0
C32: Product Stream A (Medium Chain Ester) | M32: 1.792 | O32: T127 | P32: =G32+J32+M32 -> 1.792 | Q32: =P32+'10'!Q32 -> 102.111 | R32: =H32+K32+N32 -> 0
C33: Product Stream B (Distilled Chemical Output) | P33: =G33+J33+M33 -> 0 | Q33: =P33+'10'!Q33 -> 0 | R33: =H33+K33+N33 -> 0

Sheet 12
A5: Operation Month | D5: ='01'!D5 -> February | E5: ='01'!E5 -> 2026
A6: Operation Date | D6: ='11'!D6+1 -> 46065
A8: I. Production
A9: Sect. | C9: Description | F9: Capacity | G9: Shift II (7:00 - 15:00) | I9: Storage | J9: Shift III (15:00 - 23:00) | L9: Storage | M9: Shift I (23:00 - 7:00) | O9: Storage | P9: To Day | Q9: MTD | R9: D. Time
F10: MT/Day | G10: Product | H10: D.Time | I10: 122T... | J10: Product | K10: D.Time | L10: 122T... | M10: Product | N10: D.Time | O10: 122T... | R10: Hours
A11: 101 | C11: Feed Stream (C16-18 Raw Ester) | F11: 60 | G11: 17.6 | I11: T34 | J11: 19.7 | L11: T34 | M11: 23.2 | O11: T34 | P11: =G11+J11+M11 -> 60.5 | Q11: =P11+'11'!Q11 -> 541.3 | R11: =H11+K11+N11 -> 0
C12: Oleic Intermediate Stream | F12: 30 | G12: 10.2 | I12: T94 | J12: 10 | L12: T94 | M12: 13.8 | O12: T94 | P12: =G12+J12+M12 -> 34 | Q12: =P12+'11'!Q12 -> 283.2 | R12: =H12+K12+N12 -> 0
C13: Heavy Phase Fraction | F13: 30 | G13: 7.4 | I13: T99 | J13: 9.3 | L13: T99 | M13: 9.3 | O13: T99 | P13: =G13+J13+M13 -> 26 | Q13: =P13+'11'!Q13 -> 219.3 | R13: =H13+K13+N13 -> 0
A14: 102 | C14: Feed Stream (Hydrogenated C16-18) | F14: 40 | P14: =G14+J14+M14 -> 0 | Q14: =P14+'11'!Q14 -> 158.894 | R14: =H14+K14+N14 -> 0
C15: Feed Stream (Hydrogenated Process Stock) | F15: 40 | P15: =G15+J15+M15 -> 0 | Q15: =P15+'11'!Q15 -> 0 | R15: =H15+K15+N15 -> 0
C16: Light Volatile Fraction | F16: =F14*(2/100) -> 0.8 | P16: =G16+J16+M16 -> 0 | Q16: =P16+'11'!Q16 -> 12.8787 | R16: =H16+K16+N16 -> 0
C17: Side Cut Fraction A | F17: =F14*12/100 -> 4.8 | P17: =G17+J17+M17 -> 0 | Q17: =P17+'11'!Q17 -> 0.227 | R17: =H17+K17+N17 -> 0
C18: Side Cut Fraction B | F18: - | P18: =G18+J18+M18 -> 0 | Q18: =P18+'11'!Q18 -> 102.732 | R18: =H18+K18+N18 -> 0
C19: Side Cut Fraction C | F19: - | P19: =G19+J19+M19 -> 0 | Q19: =P19+'11'!Q19 -> 34.469 | R19: =H19+K19+N19 -> 0
C20: Heavy Bottom Fraction | F20: - | P20: =G20+J20+M20 -> 0 | Q20: =P20+'11'!Q20 -> 0.806 | R20: =H20+K20+N20 -> 0
C21: Organic Residue Stream | F21: =F14*(0.5/100) -> 0.2 | P21: =G21+J21+M21 -> 0 | Q21: =P21+'11'!Q21 -> 7.8379 | R21: =H21+K21+N21 -> 0
A22: 102+ | C22: Feed Stream (C8-10 Process Input)) | F22: 24 | P22: =G22+J22+M22 -> 0 | Q22: =P22+'11'!Q22 -> 79.345 | R22: =H22+K22+N22 -> 0
C23: Hydrogenated Product Stream | F23: 24 | P23: =G23+J23+M23 -> 0 | Q23: =P23+'11'!Q23 -> 81.665 | R23: =H23+K23+N23 -> 0
A24: 103+ | C24: Light Hydrocarbon Fraction | F24: 24 | P24: =G24+J24+M24 -> 0 | Q24: =P24+'11'!Q24 -> 143.725 | R24: =H24+K24+N24 -> 0
C25: Light End (C6) | F25: - | P25: =G25+J25+M25 -> 0 | Q25: =P25+'11'!Q25 -> 4.3584 | R25: =H25+K25+N25 -> 0
C26: Distillation Side Cut A | F26: - | P26: =G26+J26+M26 -> 0 | Q26: =P26+'11'!Q26 -> 133.044 | R26: =H26+K26+N26 -> 0
C27: Distillation Side Cut B | F27: - | P27: =G27+J27+M27 -> 0 | Q27: =P27+'11'!Q27 -> 0 | R27: =H27+K27+N27 -> 0
C28: Heavy Residual Stream | F28: - | P28: =G28+J28+M28 -> 0 | Q28: =P28+'11'!Q28 -> 7.2943 | R28: =H28+K28+N28 -> 0
A29: 104 | C29: Feed Primary Stream (C8-10) | J29: 12.666 | L29: T120 | M29: 0 | O29: T120 | P29: =G29+J29+M29 -> 12.666 | Q29: =P29+'11'!Q29 -> 111.605 | R29: =H29+K29+N29 -> 0
C30: Feed Secondary Stream (Oleic Intermediate) | P30: =G30+J30+M30 -> 0 | Q30: =P30+'11'!Q30 -> 0 | R30: =H30+K30+N30 -> 0
C31: Feed Stream Auxiliary (Glycerol Phase) | J31: 2.469 | L31: T124 | M31: 0 | O31: T124 | P31: =G31+J31+M31 -> 2.469 | Q31: =P31+'11'!Q31 -> 22.201 | R31: =H31+K31+N31 -> 0
C32: Product Stream A (Medium Chain Ester) | G32: 5.75 | I32: T129 | J32: 4.915 | L32: T129 | M32: 0 | O32: T129 | P32: =G32+J32+M32 -> 10.665 | Q32: =P32+'11'!Q32 -> 112.776 | R32: =H32+K32+N32 -> 0
C33: Product Stream B (Distilled Chemical Output) | P33: =G33+J33+M33 -> 0 | Q33: =P33+'11'!Q33 -> 0 | R33: =H33+K33+N33 -> 0

Sheet 13
A5: Operation Month | D5: ='01'!D5 -> February | E5: ='01'!E5 -> 2026
A6: Operation Date | D6: ='12'!D6+1 -> 46066
A8: I. Production
A9: Sect. | C9: Description | F9: Capacity | G9: Shift II (7:00 - 15:00) | I9: Storage | J9: Shift III (15:00 - 23:00) | L9: Storage | M9: Shift I (23:00 - 7:00) | O9: Storage | P9: To Day | Q9: MTD | R9: D. Time
F10: MT/Day | G10: Product | H10: D.Time | I10: 122T... | J10: Product | K10: D.Time | L10: 122T... | M10: Product | N10: D.Time | O10: 122T... | R10: Hours
A11: 101 | C11: Feed Stream (C16-18 Raw Ester) | F11: 60 | G11: 18.6 | I11: T34 | J11: 22.6 | L11: T34 | M11: 20 | O11: T34 | P11: =G11+J11+M11 -> 61.2 | Q11: =P11+'12'!Q11 -> 602.5 | R11: =H11+K11+N11 -> 0
C12: Oleic Intermediate Stream | F12: 30 | G12: 9.7 | I12: T94 | J12: 9.9 | L12: T94 | M12: 14.1 | O12: T94 | P12: =G12+J12+M12 -> 33.7 | Q12: =P12+'12'!Q12 -> 316.9 | R12: =H12+K12+N12 -> 0
C13: Heavy Phase Fraction | F13: 30 | G13: 7.2 | I13: T99 | J13: 13.7 | L13: T99 | M13: 9.3 | O13: T99 | P13: =G13+J13+M13 -> 30.2 | Q13: =P13+'12'!Q13 -> 249.5 | R13: =H13+K13+N13 -> 0
A14: 102 | C14: Feed Stream (Hydrogenated C16-18) | F14: 40 | P14: =G14+J14+M14 -> 0 | Q14: =P14+'12'!Q14 -> 158.894 | R14: =H14+K14+N14 -> 0
C15: Feed Stream (Hydrogenated Process Stock) | F15: 40 | P15: =G15+J15+M15 -> 0 | Q15: =P15+'12'!Q15 -> 0 | R15: =H15+K15+N15 -> 0
C16: Light Volatile Fraction | F16: =F14*(2/100) -> 0.8 | P16: =G16+J16+M16 -> 0 | Q16: =P16+'12'!Q16 -> 12.8787 | R16: =H16+K16+N16 -> 0
C17: Side Cut Fraction A | F17: =F14*12/100 -> 4.8 | P17: =G17+J17+M17 -> 0 | Q17: =P17+'12'!Q17 -> 0.227 | R17: =H17+K17+N17 -> 0
C18: Side Cut Fraction B | F18: - | P18: =G18+J18+M18 -> 0 | Q18: =P18+'12'!Q18 -> 102.732 | R18: =H18+K18+N18 -> 0
C19: Side Cut Fraction C | F19: - | P19: =G19+J19+M19 -> 0 | Q19: =P19+'12'!Q19 -> 34.469 | R19: =H19+K19+N19 -> 0
C20: Heavy Bottom Fraction | F20: - | P20: =G20+J20+M20 -> 0 | Q20: =P20+'12'!Q20 -> 0.806 | R20: =H20+K20+N20 -> 0
C21: Organic Residue Stream | F21: =F14*(0.5/100) -> 0.2 | P21: =G21+J21+M21 -> 0 | Q21: =P21+'12'!Q21 -> 7.8379 | R21: =H21+K21+N21 -> 0
A22: 102+ | C22: Feed Stream (C8-10 Process Input)) | F22: 24 | P22: =G22+J22+M22 -> 0 | Q22: =P22+'12'!Q22 -> 79.345 | R22: =H22+K22+N22 -> 0
C23: Hydrogenated Product Stream | F23: 24 | P23: =G23+J23+M23 -> 0 | Q23: =P23+'12'!Q23 -> 81.665 | R23: =H23+K23+N23 -> 0
A24: 103+ | C24: Light Hydrocarbon Fraction | F24: 24 | P24: =G24+J24+M24 -> 0 | Q24: =P24+'12'!Q24 -> 143.725 | R24: =H24+K24+N24 -> 0
C25: Light End (C6) | F25: - | P25: =G25+J25+M25 -> 0 | Q25: =P25+'12'!Q25 -> 4.3584 | R25: =H25+K25+N25 -> 0
C26: Distillation Side Cut A | F26: - | P26: =G26+J26+M26 -> 0 | Q26: =P26+'12'!Q26 -> 133.044 | R26: =H26+K26+N26 -> 0
C27: Distillation Side Cut B | F27: - | P27: =G27+J27+M27 -> 0 | Q27: =P27+'12'!Q27 -> 0 | R27: =H27+K27+N27 -> 0
C28: Heavy Residual Stream | F28: - | P28: =G28+J28+M28 -> 0 | Q28: =P28+'12'!Q28 -> 7.2943 | R28: =H28+K28+N28 -> 0
A29: 104 | C29: Feed Primary Stream (C8-10) | P29: =G29+J29+M29 -> 0 | Q29: =P29+'12'!Q29 -> 111.605 | R29: =H29+K29+N29 -> 0
C30: Feed Secondary Stream (Oleic Intermediate) | P30: =G30+J30+M30 -> 0 | Q30: =P30+'12'!Q30 -> 0 | R30: =H30+K30+N30 -> 0
C31: Feed Stream Auxiliary (Glycerol Phase) | P31: =G31+J31+M31 -> 0 | Q31: =P31+'12'!Q31 -> 22.201 | R31: =H31+K31+N31 -> 0
C32: Product Stream A (Medium Chain Ester) | G32: 0 | I32: T129 | J32: 8.8 | L32: T129 | M32: 4.164 | O32: T129 | P32: =G32+J32+M32 -> 12.964 | Q32: =P32+'12'!Q32 -> 125.74 | R32: =H32+K32+N32 -> 0
C33: Product Stream B (Distilled Chemical Output) | P33: =G33+J33+M33 -> 0 | Q33: =P33+'12'!Q33 -> 0 | R33: =H33+K33+N33 -> 0

Sheet 14
A5: Operation Month | D5: ='01'!D5 -> February | E5: ='01'!E5 -> 2026
A6: Operation Date | D6: ='13'!D6+1 -> 46067
A8: I. Production
A9: Sect. | C9: Description | F9: Capacity | G9: Shift II (7:00 - 15:00) | I9: Storage | J9: Shift III (15:00 - 23:00) | L9: Storage | M9: Shift I (23:00 - 7:00) | O9: Storage | P9: To Day | Q9: MTD | R9: D. Time
F10: MT/Day | G10: Product | H10: D.Time | I10: 122T... | J10: Product | K10: D.Time | L10: 122T... | M10: Product | N10: D.Time | O10: 122T... | R10: Hours
A11: 101 | C11: Feed Stream (C16-18 Raw Ester) | F11: 60 | G11: 18.8 | I11: T34 | J11: 23.6 | L11: T34 | M11: 19.4 | O11: T34 | P11: =G11+J11+M11 -> 61.8 | Q11: =P11+'13'!Q11 -> 664.3 | R11: =H11+K11+N11 -> 0
C12: Oleic Intermediate Stream | F12: 30 | G12: 9.8 | I12: T94 | J12: 9.3 | L12: T94 | M12: 13.1 | O12: T94 | P12: =G12+J12+M12 -> 32.2 | Q12: =P12+'13'!Q12 -> 349.1 | R12: =H12+K12+N12 -> 0
C13: Heavy Phase Fraction | F13: 30 | G13: 7.8 | I13: T99 | J13: 11.9 | L13: T99 | M13: 9.3 | O13: T99 | P13: =G13+J13+M13 -> 29 | Q13: =P13+'13'!Q13 -> 278.5 | R13: =H13+K13+N13 -> 0
A14: 102 | C14: Feed Stream (Hydrogenated C16-18) | F14: 40 | P14: =G14+J14+M14 -> 0 | Q14: =P14+'13'!Q14 -> 158.894 | R14: =H14+K14+N14 -> 0
C15: Feed Stream (Hydrogenated Process Stock) | F15: 40 | P15: =G15+J15+M15 -> 0 | Q15: =P15+'13'!Q15 -> 0 | R15: =H15+K15+N15 -> 0
C16: Light Volatile Fraction | F16: =F14*(2/100) -> 0.8 | P16: =G16+J16+M16 -> 0 | Q16: =P16+'13'!Q16 -> 12.8787 | R16: =H16+K16+N16 -> 0
C17: Side Cut Fraction A | F17: =F14*12/100 -> 4.8 | P17: =G17+J17+M17 -> 0 | Q17: =P17+'13'!Q17 -> 0.227 | R17: =H17+K17+N17 -> 0
C18: Side Cut Fraction B | F18: - | P18: =G18+J18+M18 -> 0 | Q18: =P18+'13'!Q18 -> 102.732 | R18: =H18+K18+N18 -> 0
C19: Side Cut Fraction C | F19: - | P19: =G19+J19+M19 -> 0 | Q19: =P19+'13'!Q19 -> 34.469 | R19: =H19+K19+N19 -> 0
C20: Heavy Bottom Fraction | F20: - | P20: =G20+J20+M20 -> 0 | Q20: =P20+'13'!Q20 -> 0.806 | R20: =H20+K20+N20 -> 0
C21: Organic Residue Stream | F21: =F14*(0.5/100) -> 0.2 | P21: =G21+J21+M21 -> 0 | Q21: =P21+'13'!Q21 -> 7.8379 | R21: =H21+K21+N21 -> 0
A22: 102+ | C22: Feed Stream (C8-10 Process Input)) | F22: 24 | G22: 8.811 | I22: T24 | J22: 8.812 | L22: T24 | M22: 7.652 | O22: T24 | P22: =G22+J22+M22 -> 25.275 | Q22: =P22+'13'!Q22 -> 104.62 | R22: =H22+K22+N22 -> 0
C23: Hydrogenated Product Stream | F23: 24 | J23: 6.292 | L23: T112 | M23: 8.004 | O23: T112 | P23: =G23+J23+M23 -> 14.296 | Q23: =P23+'13'!Q23 -> 95.961 | R23: =H23+K23+N23 -> 0
A24: 103+ | C24: Light Hydrocarbon Fraction | F24: 24 | P24: =G24+J24+M24 -> 0 | Q24: =P24+'13'!Q24 -> 143.725 | R24: =H24+K24+N24 -> 0
C25: Light End (C6) | F25: - | P25: =G25+J25+M25 -> 0 | Q25: =P25+'13'!Q25 -> 4.3584 | R25: =H25+K25+N25 -> 0
C26: Distillation Side Cut A | F26: - | P26: =G26+J26+M26 -> 0 | Q26: =P26+'13'!Q26 -> 133.044 | R26: =H26+K26+N26 -> 0
C27: Distillation Side Cut B | F27: - | P27: =G27+J27+M27 -> 0 | Q27: =P27+'13'!Q27 -> 0 | R27: =H27+K27+N27 -> 0
C28: Heavy Residual Stream | F28: - | P28: =G28+J28+M28 -> 0 | Q28: =P28+'13'!Q28 -> 7.2943 | R28: =H28+K28+N28 -> 0
A29: 104 | C29: Feed Primary Stream (C8-10) | P29: =G29+J29+M29 -> 0 | Q29: =P29+'13'!Q29 -> 111.605 | R29: =H29+K29+N29 -> 0
C30: Feed Secondary Stream (Oleic Intermediate) | P30: =G30+J30+M30 -> 0 | Q30: =P30+'13'!Q30 -> 0 | R30: =H30+K30+N30 -> 0
C31: Feed Stream Auxiliary (Glycerol Phase) | P31: =G31+J31+M31 -> 0 | Q31: =P31+'13'!Q31 -> 22.201 | R31: =H31+K31+N31 -> 0
C32: Product Stream A (Medium Chain Ester) | L32: T129 | M32: 9.111 | O32: T129 | P32: =G32+J32+M32 -> 9.111 | Q32: =P32+'13'!Q32 -> 134.851 | R32: =H32+K32+N32 -> 0
C33: Product Stream B (Distilled Chemical Output) | P33: =G33+J33+M33 -> 0 | Q33: =P33+'13'!Q33 -> 0 | R33: =H33+K33+N33 -> 0

Sheet 15
A5: Operation Month | D5: ='01'!D5 -> February | E5: ='01'!E5 -> 2026
A6: Operation Date | D6: ='14'!D6+1 -> 46068
A8: I. Production
A9: Sect. | C9: Description | F9: Capacity | G9: Shift II (7:00 - 15:00) | I9: Storage | J9: Shift III (15:00 - 23:00) | L9: Storage | M9: Shift I (23:00 - 7:00) | O9: Storage | P9: To Day | Q9: MTD | R9: D. Time
F10: MT/Day | G10: Product | H10: D.Time | I10: 122T... | J10: Product | K10: D.Time | L10: 122T... | M10: Product | N10: D.Time | O10: 122T... | R10: Hours
A11: 101 | C11: Feed Stream (C16-18 Raw Ester) | F11: 60 | G11: 19.2 | I11: T34 | J11: 21 | L11: T34 | M11: 21 | O11: T34 | P11: =G11+J11+M11 -> 61.2 | Q11: =P11+'14'!Q11 -> 725.5 | R11: =H11+K11+N11 -> 0
C12: Oleic Intermediate Stream | F12: 30 | G12: 9.9 | I12: T94 | J12: 9.4 | L12: T94 | M12: 13.4 | O12: T94 | P12: =G12+J12+M12 -> 32.7 | Q12: =P12+'14'!Q12 -> 381.8 | R12: =H12+K12+N12 -> 0
C13: Heavy Phase Fraction | F13: 30 | G13: 7 | I13: T99 | J13: 11.5 | L13: T99 | M13: 7 | O13: T99 | P13: =G13+J13+M13 -> 25.5 | Q13: =P13+'14'!Q13 -> 304 | R13: =H13+K13+N13 -> 0
A14: 102 | C14: Feed Stream (Hydrogenated C16-18) | F14: 40 | P14: =G14+J14+M14 -> 0 | Q14: =P14+'14'!Q14 -> 158.894 | R14: =H14+K14+N14 -> 0
C15: Feed Stream (Hydrogenated Process Stock) | F15: 40 | P15: =G15+J15+M15 -> 0 | Q15: =P15+'14'!Q15 -> 0 | R15: =H15+K15+N15 -> 0
C16: Light Volatile Fraction | F16: =F14*(2/100) -> 0.8 | P16: =G16+J16+M16 -> 0 | Q16: =P16+'14'!Q16 -> 12.8787 | R16: =H16+K16+N16 -> 0
C17: Side Cut Fraction A | F17: =F14*12/100 -> 4.8 | P17: =G17+J17+M17 -> 0 | Q17: =P17+'14'!Q17 -> 0.227 | R17: =H17+K17+N17 -> 0
C18: Side Cut Fraction B | F18: - | P18: =G18+J18+M18 -> 0 | Q18: =P18+'14'!Q18 -> 102.732 | R18: =H18+K18+N18 -> 0
C19: Side Cut Fraction C | F19: - | P19: =G19+J19+M19 -> 0 | Q19: =P19+'14'!Q19 -> 34.469 | R19: =H19+K19+N19 -> 0
C20: Heavy Bottom Fraction | F20: - | P20: =G20+J20+M20 -> 0 | Q20: =P20+'14'!Q20 -> 0.806 | R20: =H20+K20+N20 -> 0
C21: Organic Residue Stream | F21: =F14*(0.5/100) -> 0.2 | P21: =G21+J21+M21 -> 0 | Q21: =P21+'14'!Q21 -> 7.8379 | R21: =H21+K21+N21 -> 0
A22: 102+ | C22: Feed Stream (C8-10 Process Input)) | F22: 24 | G22: 9.036 | I22: T24 | J22: 9.54 | L22: T24 | M22: 7.329 | O22: T24 | P22: =G22+J22+M22 -> 25.905 | Q22: =P22+'14'!Q22 -> 130.525 | R22: =H22+K22+N22 -> 0
C23: Hydrogenated Product Stream | F23: 24 | G23: 7.845 | I23: T112 | J23: 8.326 | L23: T112 | M23: 8.278 | O23: T112 | P23: =G23+J23+M23 -> 24.449 | Q23: =P23+'14'!Q23 -> 120.41 | R23: =H23+K23+N23 -> 0
A24: 103+ | C24: Light Hydrocarbon Fraction | F24: 24 | I24: T112 | J24: 8.521 | L24: T112 | M24: 8.712 | O24: T112 | P24: =G24+J24+M24 -> 17.233 | Q24: =P24+'14'!Q24 -> 160.958 | R24: =H24+K24+N24 -> 0
C25: Light End (C6) | F25: - | I25: T114 | J25: 0.1666 | L25: T114 | M25: 0.152 | O25: T114 | P25: =G25+J25+M25 -> 0.3186 | Q25: =P25+'14'!Q25 -> 4.677 | R25: =H25+K25+N25 -> 0
C26: Distillation Side Cut A | F26: - | I26: T115 | J26: 8.025 | L26: T115 | M26: 8.219 | O26: T115 | P26: =G26+J26+M26 -> 16.244 | Q26: =P26+'14'!Q26 -> 149.288 | R26: =H26+K26+N26 -> 0
C27: Distillation Side Cut B | F27: - | I27: Coloum | J27: 0 | L27: Coloum | M27: 0 | O27: coloum | P27: =G27+J27+M27 -> 0 | Q27: =P27+'14'!Q27 -> 0 | R27: =H27+K27+N27 -> 0
C28: Heavy Residual Stream | F28: - | I28: T119 | J28: 0.3299 | L28: T119 | M28: 0.367 | O28: T119 | P28: =G28+J28+M28 -> 0.6969 | Q28: =P28+'14'!Q28 -> 7.9912 | R28: =H28+K28+N28 -> 0
A29: 104 | C29: Feed Primary Stream (C8-10) | P29: =G29+J29+M29 -> 0 | Q29: =P29+'14'!Q29 -> 111.605 | R29: =H29+K29+N29 -> 0
C30: Feed Secondary Stream (Oleic Intermediate) | P30: =G30+J30+M30 -> 0 | Q30: =P30+'14'!Q30 -> 0 | R30: =H30+K30+N30 -> 0
C31: Feed Stream Auxiliary (Glycerol Phase) | P31: =G31+J31+M31 -> 0 | Q31: =P31+'14'!Q31 -> 22.201 | R31: =H31+K31+N31 -> 0
C32: Product Stream A (Medium Chain Ester) | G32: 3.714 | I32: T129 | P32: =G32+J32+M32 -> 3.714 | Q32: =P32+'14'!Q32 -> 138.565 | R32: =H32+K32+N32 -> 0
C33: Product Stream B (Distilled Chemical Output) | P33: =G33+J33+M33 -> 0 | Q33: =P33+'14'!Q33 -> 0 | R33: =H33+K33+N33 -> 0

Sheet 16
A5: Operation Month | D5: ='01'!D5 -> February | E5: ='01'!E5 -> 2026
A6: Operation Date | D6: ='15'!D6+1 -> 46069
A8: I. Production
A9: Sect. | C9: Description | F9: Capacity | G9: Shift II (7:00 - 15:00) | I9: Storage | J9: Shift III (15:00 - 23:00) | L9: Storage | M9: Shift I (23:00 - 7:00) | O9: Storage | P9: To Day | Q9: MTD | R9: D. Time
F10: MT/Day | G10: Product | H10: D.Time | I10: 122T... | J10: Product | K10: D.Time | L10: 122T... | M10: Product | N10: D.Time | O10: 122T... | R10: Hours
A11: 101 | C11: Feed Stream (C16-18 Raw Ester) | F11: 60 | G11: 19.2 | I11: T34 | J11: 21.9 | L11: T34 | M11: 20.7 | O11: T34 | P11: =G11+J11+M11 -> 61.8 | Q11: =P11+'15'!Q11 -> 787.3 | R11: =H11+K11+N11 -> 0
C12: Oleic Intermediate Stream | F12: 30 | G12: 9.7 | I12: T94 | J12: 9.3 | L12: T94 | M12: 13.3 | O12: T94 | P12: =G12+J12+M12 -> 32.3 | Q12: =P12+'15'!Q12 -> 414.1 | R12: =H12+K12+N12 -> 0
C13: Heavy Phase Fraction | F13: 30 | G13: 9.9 | I13: T99 | J13: 11.3 | L13: T99 | M13: 8.6 | O13: T99 | P13: =G13+J13+M13 -> 29.8 | Q13: =P13+'15'!Q13 -> 333.8 | R13: =H13+K13+N13 -> 0
A14: 102 | C14: Feed Stream (Hydrogenated C16-18) | F14: 40 | P14: =G14+J14+M14 -> 0 | Q14: =P14+'15'!Q14 -> 158.894 | R14: =H14+K14+N14 -> 0
C15: Feed Stream (Hydrogenated Process Stock) | F15: 40 | P15: =G15+J15+M15 -> 0 | Q15: =P15+'15'!Q15 -> 0 | R15: =H15+K15+N15 -> 0
C16: Light Volatile Fraction | F16: =F14*(2/100) -> 0.8 | P16: =G16+J16+M16 -> 0 | Q16: =P16+'15'!Q16 -> 12.8787 | R16: =H16+K16+N16 -> 0
C17: Side Cut Fraction A | F17: =F14*12/100 -> 4.8 | P17: =G17+J17+M17 -> 0 | Q17: =P17+'15'!Q17 -> 0.227 | R17: =H17+K17+N17 -> 0
C18: Side Cut Fraction B | F18: - | P18: =G18+J18+M18 -> 0 | Q18: =P18+'15'!Q18 -> 102.732 | R18: =H18+K18+N18 -> 0
C19: Side Cut Fraction C | F19: - | P19: =G19+J19+M19 -> 0 | Q19: =P19+'15'!Q19 -> 34.469 | R19: =H19+K19+N19 -> 0
C20: Heavy Bottom Fraction | F20: - | P20: =G20+J20+M20 -> 0 | Q20: =P20+'15'!Q20 -> 0.806 | R20: =H20+K20+N20 -> 0
C21: Organic Residue Stream | F21: =F14*(0.5/100) -> 0.2 | P21: =G21+J21+M21 -> 0 | Q21: =P21+'15'!Q21 -> 7.8379 | R21: =H21+K21+N21 -> 0
A22: 102+ | C22: Feed Stream (C8-10 Process Input)) | F22: 24 | G22: 7.366 | I22: T24 | J22: 7.171 | L22: T24 | M22: 6.148 | O22: T24 | P22: =G22+J22+M22 -> 20.685 | Q22: =P22+'15'!Q22 -> 151.21 | R22: =H22+K22+N22 -> 0
C23: Hydrogenated Product Stream | F23: 24 | G23: 8.247 | I23: T112 | J23: 8.006 | L23: T112 | M23: 7.696 | O23: T112 | P23: =G23+J23+M23 -> 23.949 | Q23: =P23+'15'!Q23 -> 144.359 | R23: =H23+K23+N23 -> 0
A24: 103+ | C24: Light Hydrocarbon Fraction | F24: 24 | G24: 8.869 | I24: T112 | J24: 8.816 | L24: T112 | M24: 8.792 | O24: T112 | P24: =G24+J24+M24 -> 26.477 | Q24: =P24+'15'!Q24 -> 187.435 | R24: =H24+K24+N24 -> 0
C25: Light End (C6) | F25: - | G25: 0.152 | I25: T114 | J25: 0.1535 | L25: T114 | M25: 0.152 | O25: T114 | P25: =G25+J25+M25 -> 0.4575 | Q25: =P25+'15'!Q25 -> 5.1345 | R25: =H25+K25+N25 -> 0
C26: Distillation Side Cut A | F26: - | G26: 8.311 | I26: T116 | J26: 8.374 | L26: T116 | M26: 8.375 | O26: T116 | P26: =G26+J26+M26 -> 25.06 | Q26: =P26+'15'!Q26 -> 174.348 | R26: =H26+K26+N26 -> 0
C27: Distillation Side Cut B | F27: - | G27: 0 | I27: coloum | J27: 0 | L27: coloum | M27: 0 | O27: coloum | P27: =G27+J27+M27 -> 0 | Q27: =P27+'15'!Q27 -> 0 | R27: =H27+K27+N27 -> 0
C28: Heavy Residual Stream | F28: - | G28: 0.345 | I28: T119 | J28: 0.2806 | L28: T119 | M28: 0.281 | O28: T119 | P28: =G28+J28+M28 -> 0.9066 | Q28: =P28+'15'!Q28 -> 8.8978 | R28: =H28+K28+N28 -> 0
A29: 104 | C29: Feed Primary Stream (C8-10) | J29: 12.641 | L29: T120 | P29: =G29+J29+M29 -> 12.641 | Q29: =P29+'15'!Q29 -> 124.246 | R29: =H29+K29+N29 -> 0
C30: Feed Secondary Stream (Oleic Intermediate) | P30: =G30+J30+M30 -> 0 | Q30: =P30+'15'!Q30 -> 0 | R30: =H30+K30+N30 -> 0
C31: Feed Stream Auxiliary (Glycerol Phase) | J31: 2.469 | L31: T124 | P31: =G31+J31+M31 -> 2.469 | Q31: =P31+'15'!Q31 -> 24.67 | R31: =H31+K31+N31 -> 0
C32: Product Stream A (Medium Chain Ester) | P32: =G32+J32+M32 -> 0 | Q32: =P32+'15'!Q32 -> 138.565 | R32: =H32+K32+N32 -> 0
C33: Product Stream B (Distilled Chemical Output) | P33: =G33+J33+M33 -> 0 | Q33: =P33+'15'!Q33 -> 0 | R33: =H33+K33+N33 -> 0

Sheet 17
A5: Operation Month | D5: ='01'!D5 -> February | E5: ='01'!E5 -> 2026
A6: Operation Date | D6: ='16'!D6+1 -> 46070
A8: I. Production
A9: Sect. | C9: Description | F9: Capacity | G9: Shift II (7:00 - 15:00) | I9: Storage | J9: Shift III (15:00 - 23:00) | L9: Storage | M9: Shift I (23:00 - 7:00) | O9: Storage | P9: To Day | Q9: MTD | R9: D. Time
F10: MT/Day | G10: Product | H10: D.Time | I10: 122T... | J10: Product | K10: D.Time | L10: 122T... | M10: Product | N10: D.Time | O10: 122T... | R10: Hours
A11: 101 | C11: Feed Stream (C16-18 Raw Ester) | F11: 60 | G11: 18.5 | I11: T34 | J11: 23.4 | L11: T34 | M11: 22.7 | O11: T34 | P11: =G11+J11+M11 -> 64.6 | Q11: =P11+'16'!Q11 -> 851.9 | R11: =H11+K11+N11 -> 0
C12: Oleic Intermediate Stream | F12: 30 | G12: 9.3 | I12: T94 | J12: 9 | L12: T94 | M12: 16.8 | O12: T94 | P12: =G12+J12+M12 -> 35.1 | Q12: =P12+'16'!Q12 -> 449.2 | R12: =H12+K12+N12 -> 0
C13: Heavy Phase Fraction | F13: 30 | G13: 10 | I13: T99 | J13: 12.8 | L13: T99 | M13: 5.9 | O13: T99 | P13: =G13+J13+M13 -> 28.7 | Q13: =P13+'16'!Q13 -> 362.5 | R13: =H13+K13+N13 -> 0
A14: 102 | C14: Feed Stream (Hydrogenated C16-18) | F14: 40 | P14: =G14+J14+M14 -> 0 | Q14: =P14+'16'!Q14 -> 158.894 | R14: =H14+K14+N14 -> 0
C15: Feed Stream (Hydrogenated Process Stock) | F15: 40 | P15: =G15+J15+M15 -> 0 | Q15: =P15+'16'!Q15 -> 0 | R15: =H15+K15+N15 -> 0
C16: Light Volatile Fraction | F16: =F14*(2/100) -> 0.8 | P16: =G16+J16+M16 -> 0 | Q16: =P16+'16'!Q16 -> 12.8787 | R16: =H16+K16+N16 -> 0
C17: Side Cut Fraction A | F17: =F14*12/100 -> 4.8 | P17: =G17+J17+M17 -> 0 | Q17: =P17+'16'!Q17 -> 0.227 | R17: =H17+K17+N17 -> 0
C18: Side Cut Fraction B | F18: - | P18: =G18+J18+M18 -> 0 | Q18: =P18+'16'!Q18 -> 102.732 | R18: =H18+K18+N18 -> 0
C19: Side Cut Fraction C | F19: - | P19: =G19+J19+M19 -> 0 | Q19: =P19+'16'!Q19 -> 34.469 | R19: =H19+K19+N19 -> 0
C20: Heavy Bottom Fraction | F20: - | P20: =G20+J20+M20 -> 0 | Q20: =P20+'16'!Q20 -> 0.806 | R20: =H20+K20+N20 -> 0
C21: Organic Residue Stream | F21: =F14*(0.5/100) -> 0.2 | P21: =G21+J21+M21 -> 0 | Q21: =P21+'16'!Q21 -> 7.8379 | R21: =H21+K21+N21 -> 0
A22: 102+ | C22: Feed Stream (C8-10 Process Input)) | F22: 24 | G22: 7.472 | I22: T24 | J22: 8.818 | L22: T24 | M22: 8.821 | O22: T24 | P22: =G22+J22+M22 -> 25.111 | Q22: =P22+'16'!Q22 -> 176.321 | R22: =H22+K22+N22 -> 0
C23: Hydrogenated Product Stream | F23: 24 | G23: 8.071 | I23: T112 | J23: 8.467 | L23: T112 | M23: 8.861 | O23: T112 | P23: =G23+J23+M23 -> 25.399 | Q23: =P23+'16'!Q23 -> 169.758 | R23: =H23+K23+N23 -> 0
A24: 103+ | C24: Light Hydrocarbon Fraction | F24: 24 | G24: 8.827 | I24: T112 | J24: 8.79 | L24: T112 | M24: 8.792 | O24: T112 | P24: =G24+J24+M24 -> 26.409 | Q24: =P24+'16'!Q24 -> 213.844 | R24: =H24+K24+N24 -> 0
C25: Light End (C6) | F25: - | G25: 0.152 | I25: T114 | J25: 0.1526 | L25: T114 | M25: 0.152 | O25: T114 | P25: =G25+J25+M25 -> 0.4566 | Q25: =P25+'16'!Q25 -> 5.5911 | R25: =H25+K25+N25 -> 0
C26: Distillation Side Cut A | F26: - | G26: 8.379 | I26: T116 | J26: 8.391 | L26: T116 | M26: 8.398 | O26: T116 | P26: =G26+J26+M26 -> 25.168 | Q26: =P26+'16'!Q26 -> 199.516 | R26: =H26+K26+N26 -> 0
C27: Distillation Side Cut B | F27: - | G27: 0 | I27: coloum | J27: 0 | L27: coloum | M27: 0 | O27: coloum | P27: =G27+J27+M27 -> 0 | Q27: =P27+'16'!Q27 -> 0 | R27: =H27+K27+N27 -> 0
C28: Heavy Residual Stream | F28: - | G28: 0.275 | I28: T119 | J28: 0.2646 | L28: T119 | M28: 0.257 | O28: T119 | P28: =G28+J28+M28 -> 0.7966 | Q28: =P28+'16'!Q28 -> 9.6944 | R28: =H28+K28+N28 -> 0
A29: 104 | C29: Feed Primary Stream (C8-10) | J29: 12.446 | L29: T120 | P29: =G29+J29+M29 -> 12.446 | Q29: =P29+'16'!Q29 -> 136.692 | R29: =H29+K29+N29 -> 0
C30: Feed Secondary Stream (Oleic Intermediate) | P30: =G30+J30+M30 -> 0 | Q30: =P30+'16'!Q30 -> 0 | R30: =H30+K30+N30 -> 0
C31: Feed Stream Auxiliary (Glycerol Phase) | J31: 2.467 | L31: T124 | P31: =G31+J31+M31 -> 2.467 | Q31: =P31+'16'!Q31 -> 27.137 | R31: =H31+K31+N31 -> 0
C32: Product Stream A (Medium Chain Ester) | P32: =G32+J32+M32 -> 0 | Q32: =P32+'16'!Q32 -> 138.565 | R32: =H32+K32+N32 -> 0
C33: Product Stream B (Distilled Chemical Output) | P33: =G33+J33+M33 -> 0 | Q33: =P33+'16'!Q33 -> 0 | R33: =H33+K33+N33 -> 0

Sheet 18
A5: Operation Month | D5: ='01'!D5 -> February | E5: ='01'!E5 -> 2026
A6: Operation Date | D6: ='17'!D6+1 -> 46071
A8: I. Production
A9: Sect. | C9: Description | F9: Capacity | G9: Shift II (7:00 - 15:00) | I9: Storage | J9: Shift III (15:00 - 23:00) | L9: Storage | M9: Shift I (23:00 - 7:00) | O9: Storage | P9: To Day | Q9: MTD | R9: D. Time
F10: MT/Day | G10: Product | H10: D.Time | I10: 122T... | J10: Product | K10: D.Time | L10: 122T... | M10: Product | N10: D.Time | O10: 122T... | R10: Hours
A11: 101 | C11: Feed Stream (C16-18 Raw Ester) | F11: 60 | G11: 18.7 | I11: T34 | J11: 19.3 | L11: T34 | M11: 23.4 | O11: T34 | P11: =G11+J11+M11 -> 61.4 | Q11: =P11+'17'!Q11 -> 913.3 | R11: =H11+K11+N11 -> 0
C12: Oleic Intermediate Stream | F12: 30 | G12: 9.2 | I12: T94 | J12: 9.6 | L12: T94 | M12: 12.9 | O12: T94 | P12: =G12+J12+M12 -> 31.7 | Q12: =P12+'17'!Q12 -> 480.9 | R12: =H12+K12+N12 -> 0
C13: Heavy Phase Fraction | F13: 30 | G13: 9.7 | I13: T99 | J13: 9.8 | L13: T99 | M13: 9.7 | O13: T99 | P13: =G13+J13+M13 -> 29.2 | Q13: =P13+'17'!Q13 -> 391.7 | R13: =H13+K13+N13 -> 0
A14: 102 | C14: Feed Stream (Hydrogenated C16-18) | F14: 40 | P14: =G14+J14+M14 -> 0 | Q14: =P14+'17'!Q14 -> 158.894 | R14: =H14+K14+N14 -> 0
C15: Feed Stream (Hydrogenated Process Stock) | F15: 40 | P15: =G15+J15+M15 -> 0 | Q15: =P15+'17'!Q15 -> 0 | R15: =H15+K15+N15 -> 0
C16: Light Volatile Fraction | F16: =F14*(2/100) -> 0.8 | P16: =G16+J16+M16 -> 0 | Q16: =P16+'17'!Q16 -> 12.8787 | R16: =H16+K16+N16 -> 0
C17: Side Cut Fraction A | F17: =F14*12/100 -> 4.8 | P17: =G17+J17+M17 -> 0 | Q17: =P17+'17'!Q17 -> 0.227 | R17: =H17+K17+N17 -> 0
C18: Side Cut Fraction B | F18: - | P18: =G18+J18+M18 -> 0 | Q18: =P18+'17'!Q18 -> 102.732 | R18: =H18+K18+N18 -> 0
C19: Side Cut Fraction C | F19: - | P19: =G19+J19+M19 -> 0 | Q19: =P19+'17'!Q19 -> 34.469 | R19: =H19+K19+N19 -> 0
C20: Heavy Bottom Fraction | F20: - | P20: =G20+J20+M20 -> 0 | Q20: =P20+'17'!Q20 -> 0.806 | R20: =H20+K20+N20 -> 0
C21: Organic Residue Stream | F21: =F14*(0.5/100) -> 0.2 | P21: =G21+J21+M21 -> 0 | Q21: =P21+'17'!Q21 -> 7.8379 | R21: =H21+K21+N21 -> 0
A22: 102+ | C22: Feed Stream (C8-10 Process Input)) | F22: 24 | G22: 8.82 | I22: T24 | J22: 8.817 | L22: T24 | M22: 8.819 | O22: T24 | P22: =G22+J22+M22 -> 26.456 | Q22: =P22+'17'!Q22 -> 202.777 | R22: =H22+K22+N22 -> 0
C23: Hydrogenated Product Stream | F23: 24 | G23: 8.784 | I23: T112 | J23: 8.952 | L23: T112 | M23: 8.848 | O23: T112 | P23: =G23+J23+M23 -> 26.584 | Q23: =P23+'17'!Q23 -> 196.342 | R23: =H23+K23+N23 -> 0
A24: 103+ | C24: Light Hydrocarbon Fraction | F24: 24 | G24: 8.84 | I24: T112 | J24: 8.791 | L24: T112 | M24: 8.791 | O24: T112 | P24: =G24+J24+M24 -> 26.422 | Q24: =P24+'17'!Q24 -> 240.266 | R24: =H24+K24+N24 -> 0
C25: Light End (C6) | F25: - | G25: 0.151 | I25: T114 | J25: 0.1523 | L25: T114 | M25: 0.151 | O25: T114 | P25: =G25+J25+M25 -> 0.4543 | Q25: =P25+'17'!Q25 -> 6.0454 | R25: =H25+K25+N25 -> 0
C26: Distillation Side Cut A | F26: - | G26: 8.414 | I26: T116 | J26: 8.414 | L26: T116 | M26: 8.414 | O26: T116 | P26: =G26+J26+M26 -> 25.242 | Q26: =P26+'17'!Q26 -> 224.758 | R26: =H26+K26+N26 -> 0
C27: Distillation Side Cut B | F27: - | G27: 0 | I27: coloum | J27: 0 | L27: coloum | M27: 0 | O27: coloum | P27: =G27+J27+M27 -> 0 | Q27: =P27+'17'!Q27 -> 0 | R27: =H27+K27+N27 -> 0
C28: Heavy Residual Stream | F28: - | G28: 0.24 | I28: T119 | J28: 0.2409 | L28: T119 | M28: 0.24 | O28: T119 | P28: =G28+J28+M28 -> 0.7209 | Q28: =P28+'17'!Q28 -> 10.4153 | R28: =H28+K28+N28 -> 0
A29: 104 | C29: Feed Primary Stream (C8-10) | M29: 12.699 | O29: T120 | P29: =G29+J29+M29 -> 12.699 | Q29: =P29+'17'!Q29 -> 149.391 | R29: =H29+K29+N29 -> 0
C30: Feed Secondary Stream (Oleic Intermediate) | P30: =G30+J30+M30 -> 0 | Q30: =P30+'17'!Q30 -> 0 | R30: =H30+K30+N30 -> 0
C31: Feed Stream Auxiliary (Glycerol Phase) | M31: 2.467 | O31: T124 | P31: =G31+J31+M31 -> 2.467 | Q31: =P31+'17'!Q31 -> 29.604 | R31: =H31+K31+N31 -> 0
C32: Product Stream A (Medium Chain Ester) | J32: 6.5613 | L32: T129 | M32: 6.251 | O32: T129 | P32: =G32+J32+M32 -> 12.8123 | Q32: =P32+'17'!Q32 -> 151.3773 | R32: =H32+K32+N32 -> 0
C33: Product Stream B (Distilled Chemical Output) | P33: =G33+J33+M33 -> 0 | Q33: =P33+'17'!Q33 -> 0 | R33: =H33+K33+N33 -> 0

Sheet 19
A5: Operation Month | D5: ='01'!D5 -> February | E5: ='01'!E5 -> 2026
A6: Operation Date | D6: ='18'!D6+1 -> 46072
A8: I. Production
A9: Sect. | C9: Description | F9: Capacity | G9: Shift II (7:00 - 15:00) | I9: Storage | J9: Shift III (15:00 - 23:00) | L9: Storage | M9: Shift I (23:00 - 7:00) | O9: Storage | P9: To Day | Q9: MTD | R9: D. Time
F10: MT/Day | G10: Product | H10: D.Time | I10: 122T... | J10: Product | K10: D.Time | L10: 122T... | M10: Product | N10: D.Time | O10: 122T... | R10: Hours
A11: 101 | C11: Feed Stream (C16-18 Raw Ester) | F11: 60 | G11: 19.1 | I11: T34 | J11: 18.9 | L11: T34 | M11: 24.7 | O11: T34 | P11: =G11+J11+M11 -> 62.7 | Q11: =P11+'18'!Q11 -> 976 | R11: =H11+K11+N11 -> 0
C12: Oleic Intermediate Stream | F12: 30 | G12: 9.4 | I12: T94 | J12: 9.5 | L12: T94 | M12: 13.5 | O12: T94 | P12: =G12+J12+M12 -> 32.4 | Q12: =P12+'18'!Q12 -> 513.3 | R12: =H12+K12+N12 -> 0
C13: Heavy Phase Fraction | F13: 30 | G13: 9.7 | I13: T99 | J13: 9 | L13: T99 | M13: 10 | O13: T99 | P13: =G13+J13+M13 -> 28.7 | Q13: =P13+'18'!Q13 -> 420.4 | R13: =H13+K13+N13 -> 0
A14: 102 | C14: Feed Stream (Hydrogenated C16-18) | F14: 40 | P14: =G14+J14+M14 -> 0 | Q14: =P14+'18'!Q14 -> 158.894 | R14: =H14+K14+N14 -> 0
C15: Feed Stream (Hydrogenated Process Stock) | F15: 40 | P15: =G15+J15+M15 -> 0 | Q15: =P15+'18'!Q15 -> 0 | R15: =H15+K15+N15 -> 0
C16: Light Volatile Fraction | F16: =F14*(2/100) -> 0.8 | P16: =G16+J16+M16 -> 0 | Q16: =P16+'18'!Q16 -> 12.8787 | R16: =H16+K16+N16 -> 0
C17: Side Cut Fraction A | F17: =F14*12/100 -> 4.8 | P17: =G17+J17+M17 -> 0 | Q17: =P17+'18'!Q17 -> 0.227 | R17: =H17+K17+N17 -> 0
C18: Side Cut Fraction B | F18: - | P18: =G18+J18+M18 -> 0 | Q18: =P18+'18'!Q18 -> 102.732 | R18: =H18+K18+N18 -> 0
C19: Side Cut Fraction C | F19: - | P19: =G19+J19+M19 -> 0 | Q19: =P19+'18'!Q19 -> 34.469 | R19: =H19+K19+N19 -> 0
C20: Heavy Bottom Fraction | F20: - | P20: =G20+J20+M20 -> 0 | Q20: =P20+'18'!Q20 -> 0.806 | R20: =H20+K20+N20 -> 0
C21: Organic Residue Stream | F21: =F14*(0.5/100) -> 0.2 | P21: =G21+J21+M21 -> 0 | Q21: =P21+'18'!Q21 -> 7.8379 | R21: =H21+K21+N21 -> 0
A22: 102+ | C22: Feed Stream (C8-10 Process Input)) | F22: 24 | G22: 8.818 | I22: T24 | J22: 8.819 | L22: T24 | M22: 8.813 | O22: T24 | P22: =G22+J22+M22 -> 26.45 | Q22: =P22+'18'!Q22 -> 229.227 | R22: =H22+K22+N22 -> 0
C23: Hydrogenated Product Stream | F23: 24 | G23: 8.644 | I23: T112 | J23: 8.899 | L23: T112 | M23: 8.8223 | O23: T112 | P23: =G23+J23+M23 -> 26.3653 | Q23: =P23+'18'!Q23 -> 222.7073 | R23: =H23+K23+N23 -> 0
A24: 103+ | C24: Light Hydrocarbon Fraction | F24: 24 | G24: 8.852 | I24: T112 | J24: 8.792 | L24: T112 | M24: 8.793 | O24: T112 | P24: =G24+J24+M24 -> 26.437 | Q24: =P24+'18'!Q24 -> 266.703 | R24: =H24+K24+N24 -> 0
C25: Light End (C6) | F25: - | G25: 0.152 | I25: T114 | J25: 0.1526 | L25: T114 | M25: 0.152 | O25: T114 | P25: =G25+J25+M25 -> 0.4566 | Q25: =P25+'18'!Q25 -> 6.502 | R25: =H25+K25+N25 -> 0
C26: Distillation Side Cut A | F26: - | G26: 8.414 | I26: T116 | J26: 8.418 | L26: T116 | M26: 8.413 | O26: T116 | P26: =G26+J26+M26 -> 25.245 | Q26: =P26+'18'!Q26 -> 250.003 | R26: =H26+K26+N26 -> 0
C27: Distillation Side Cut B | F27: - | G27: 0 | I27: coloum | J27: 0 | L27: coloum | M27: 0 | O27: coloum | P27: =G27+J27+M27 -> 0 | Q27: =P27+'18'!Q27 -> 0 | R27: =H27+K27+N27 -> 0
C28: Heavy Residual Stream | F28: - | G28: 0.24 | I28: T119 | J28: 0.2383 | L28: T119 | M28: 0.242 | O28: T119 | P28: =G28+J28+M28 -> 0.7203 | Q28: =P28+'18'!Q28 -> 11.1356 | R28: =H28+K28+N28 -> 0
A29: 104 | C29: Feed Primary Stream (C8-10) | P29: =G29+J29+M29 -> 0 | Q29: =P29+'18'!Q29 -> 149.391 | R29: =H29+K29+N29 -> 0
C30: Feed Secondary Stream (Oleic Intermediate) | P30: =G30+J30+M30 -> 0 | Q30: =P30+'18'!Q30 -> 0 | R30: =H30+K30+N30 -> 0
C31: Feed Stream Auxiliary (Glycerol Phase) | P31: =G31+J31+M31 -> 0 | Q31: =P31+'18'!Q31 -> 29.604 | R31: =H31+K31+N31 -> 0
C32: Product Stream A (Medium Chain Ester) | M32: 8.625 | O32: T128 | P32: =G32+J32+M32 -> 8.625 | Q32: =P32+'18'!Q32 -> 160.0023 | R32: =H32+K32+N32 -> 0
C33: Product Stream B (Distilled Chemical Output) | P33: =G33+J33+M33 -> 0 | Q33: =P33+'18'!Q33 -> 0 | R33: =H33+K33+N33 -> 0

Sheet 20
A5: Operation Month | D5: ='01'!D5 -> February | E5: ='01'!E5 -> 2026
A6: Operation Date | D6: ='19'!D6+1 -> 46073
A8: I. Production
A9: Sect. | C9: Description | F9: Capacity | G9: Shift II (7:00 - 15:00) | I9: Storage | J9: Shift III (15:00 - 23:00) | L9: Storage | M9: Shift I (23:00 - 7:00) | O9: Storage | P9: To Day | Q9: MTD | R9: D. Time
F10: MT/Day | G10: Product | H10: D.Time | I10: 122T... | J10: Product | K10: D.Time | L10: 122T... | M10: Product | N10: D.Time | O10: 122T... | R10: Hours
A11: 101 | C11: Feed Stream (C16-18 Raw Ester) | F11: 60 | G11: 20 | I11: T34 | J11: 22.5 | L11: T34 | M11: 21.4 | O11: T34 | P11: =G11+J11+M11 -> 63.9 | Q11: =P11+'19'!Q11 -> 1039.9 | R11: =H11+K11+N11 -> 0
C12: Oleic Intermediate Stream | F12: 30 | G12: 12.7 | I12: T94 | J12: 10.6 | L12: T94 | M12: 13.4 | O12: T94 | P12: =G12+J12+M12 -> 36.7 | Q12: =P12+'19'!Q12 -> 550 | R12: =H12+K12+N12 -> 0
C13: Heavy Phase Fraction | F13: 30 | G13: 11.4 | I13: T99 | J13: 12.2 | L13: T99 | M13: 7.9 | O13: T99 | P13: =G13+J13+M13 -> 31.5 | Q13: =P13+'19'!Q13 -> 451.9 | R13: =H13+K13+N13 -> 0
A14: 102 | C14: Feed Stream (Hydrogenated C16-18) | F14: 40 | P14: =G14+J14+M14 -> 0 | Q14: =P14+'19'!Q14 -> 158.894 | R14: =H14+K14+N14 -> 0
C15: Feed Stream (Hydrogenated Process Stock) | F15: 40 | P15: =G15+J15+M15 -> 0 | Q15: =P15+'19'!Q15 -> 0 | R15: =H15+K15+N15 -> 0
C16: Light Volatile Fraction | F16: =F14*(2/100) -> 0.8 | P16: =G16+J16+M16 -> 0 | Q16: =P16+'19'!Q16 -> 12.8787 | R16: =H16+K16+N16 -> 0
C17: Side Cut Fraction A | F17: =F14*12/100 -> 4.8 | P17: =G17+J17+M17 -> 0 | Q17: =P17+'19'!Q17 -> 0.227 | R17: =H17+K17+N17 -> 0
C18: Side Cut Fraction B | F18: - | P18: =G18+J18+M18 -> 0 | Q18: =P18+'19'!Q18 -> 102.732 | R18: =H18+K18+N18 -> 0
C19: Side Cut Fraction C | F19: - | P19: =G19+J19+M19 -> 0 | Q19: =P19+'19'!Q19 -> 34.469 | R19: =H19+K19+N19 -> 0
C20: Heavy Bottom Fraction | F20: - | P20: =G20+J20+M20 -> 0 | Q20: =P20+'19'!Q20 -> 0.806 | R20: =H20+K20+N20 -> 0
C21: Organic Residue Stream | F21: =F14*(0.5/100) -> 0.2 | P21: =G21+J21+M21 -> 0 | Q21: =P21+'19'!Q21 -> 7.8379 | R21: =H21+K21+N21 -> 0
A22: 102+ | C22: Feed Stream (C8-10 Process Input)) | F22: 24 | G22: 8.822 | I22: T24 | J22: 8.817 | L22: T24 | M22: 8.813 | O22: T24 | P22: =G22+J22+M22 -> 26.452 | Q22: =P22+'19'!Q22 -> 255.679 | R22: =H22+K22+N22 -> 0
C23: Hydrogenated Product Stream | F23: 24 | G23: 8.662 | I23: T112 | J23: 8.974 | L23: T112 | M23: 8.635 | O23: T112 | P23: =M23+J23+G23 -> 26.271 | Q23: =P23+'19'!Q23 -> 248.9783 | R23: =H23+K23+N23 -> 0
A24: 103+ | C24: Light Hydrocarbon Fraction | F24: 24 | G24: 8.79 | I24: T112 | J24: 8.792 | L24: T112 | M24: 8.81 | O24: T112 | P24: =G24+J23+M24 -> 26.574 | Q24: =P24+'19'!Q24 -> 293.277 | R24: =H24+K24+N24 -> 0
C25: Light End (C6) | F25: - | G25: 0.152 | I25: T114 | J25: 0.1528 | L25: T114 | M25: 0.152 | O25: T114 | P25: =G25+J25+M25 -> 0.4568 | Q25: =P25+'19'!Q25 -> 6.9588 | R25: =H25+K25+N25 -> 0
C26: Distillation Side Cut A | F26: - | G26: 8.41 | I26: T116 | J26: 8.423 | L26: T116 | M26: 8.422 | O26: T116 | P26: =G26+J26+M26 -> 25.255 | Q26: =P26+'19'!Q26 -> 275.258 | R26: =H26+K26+N26 -> 0
C27: Distillation Side Cut B | F27: - | G27: 0 | I27: coloum | J27: 0 | L27: coloum | M27: 0 | O27: coloum | P27: =G27+J27+M27 -> 0 | Q27: =P27+'19'!Q27 -> 0 | R27: =H27+K27+N27 -> 0
C28: Heavy Residual Stream | F28: - | G28: 0.2446 | I28: T119 | J28: 0.2328 | L28: T119 | M28: 0.239 | O28: T119 | P28: =G28+J28+M28 -> 0.7164 | Q28: =P28+'19'!Q28 -> 11.852 | R28: =H28+K28+N28 -> 0
A29: 104 | C29: Feed Primary Stream (C8-10) | G29: 12.564 | I29: T120 | J29: 0 | L29: T120 | O29: T120 | P29: =G29+J29+M29 -> 12.564 | Q29: =P29+'19'!Q29 -> 161.955 | R29: =H29+K29+N29 -> 0
C30: Feed Secondary Stream (Oleic Intermediate) | P30: =G30+J30+M30 -> 0 | Q30: =P30+'19'!Q30 -> 0 | R30: =H30+K30+N30 -> 0
C31: Feed Stream Auxiliary (Glycerol Phase) | G31: 2.466 | I31: T124 | J31: 0 | L31: T124 | O31: T124 | P31: =G31+J31+M31 -> 2.466 | Q31: =P31+'19'!Q31 -> 32.07 | R31: =H31+K31+N31 -> 0
C32: Product Stream A (Medium Chain Ester) | G32: 4.23661 | I32: T128 | J32: 0 | L32: T128 | M32: 1.265 | O32: T128 | P32: =G32+J32+M32 -> 5.50161 | Q32: =P32+'19'!Q32 -> 165.50391 | R32: =H32+K32+N32 -> 0
C33: Product Stream B (Distilled Chemical Output) | P33: =G33+J33+M33 -> 0 | Q33: =P33+'19'!Q33 -> 0 | R33: =H33+K33+N33 -> 0

Sheet 21
A5: Operation Month | D5: ='01'!D5 -> February | E5: ='01'!E5 -> 2026
A6: Operation Date | D6: ='20'!D6+1 -> 46074
A8: I. Production
A9: Sect. | C9: Description | F9: Capacity | G9: Shift II (7:00 - 15:00) | I9: Storage | J9: Shift III (15:00 - 23:00) | L9: Storage | M9: Shift I (23:00 - 7:00) | O9: Storage | P9: To Day | Q9: MTD | R9: D. Time
F10: MT/Day | G10: Product | H10: D.Time | I10: 122T... | J10: Product | K10: D.Time | L10: 122T... | M10: Product | N10: D.Time | O10: 122T... | R10: Hours
A11: 101 | C11: Feed Stream (C16-18 Raw Ester) | F11: 60 | G11: 19.1 | I11: T34 | J11: 6.7 | L11: T34 | M11: 0 | O11: T34 | P11: =G11+J11+M11 -> 25.8 | Q11: =P11+'20'!Q11 -> 1065.7 | R11: =H11+K11+N11 -> 0
C12: Oleic Intermediate Stream | F12: 30 | G12: 9.5 | I12: T94 | J12: 13.9 | L12: T94 | M12: 10.1 | O12: T94 | P12: =G12+J12+M12 -> 33.5 | Q12: =P12+'20'!Q12 -> 583.5 | R12: =H12+K12+N12 -> 0
C13: Heavy Phase Fraction | F13: 30 | G13: 8.1 | I13: T99 | J13: 11.5 | L13: T99 | M13: 17.2 | O13: T99 | P13: =G13+J13+M13 -> 36.8 | Q13: =P13+'20'!Q13 -> 488.7 | R13: =H13+K13+N13 -> 0
A14: 102 | C14: Feed Stream (Hydrogenated C16-18) | F14: 40 | P14: =G14+J14+M14 -> 0 | Q14: =P14+'20'!Q14 -> 158.894 | R14: =H14+K14+N14 -> 0
C15: Feed Stream (Hydrogenated Process Stock) | F15: 40 | P15: =G15+J15+M15 -> 0 | Q15: =P15+'20'!Q15 -> 0 | R15: =H15+K15+N15 -> 0
C16: Light Volatile Fraction | F16: =F14*(2/100) -> 0.8 | P16: =G16+J16+M16 -> 0 | Q16: =P16+'20'!Q16 -> 12.8787 | R16: =H16+K16+N16 -> 0
C17: Side Cut Fraction A | F17: =F14*12/100 -> 4.8 | P17: =G17+J17+M17 -> 0 | Q17: =P17+'20'!Q17 -> 0.227 | R17: =H17+K17+N17 -> 0
C18: Side Cut Fraction B | F18: - | P18: =G18+J18+M18 -> 0 | Q18: =P18+'20'!Q18 -> 102.732 | R18: =H18+K18+N18 -> 0
C19: Side Cut Fraction C | F19: - | P19: =G19+J19+M19 -> 0 | Q19: =P19+'20'!Q19 -> 34.469 | R19: =H19+K19+N19 -> 0
C20: Heavy Bottom Fraction | F20: - | P20: =G20+J20+M20 -> 0 | Q20: =P20+'20'!Q20 -> 0.806 | R20: =H20+K20+N20 -> 0
C21: Organic Residue Stream | F21: =F14*(0.5/100) -> 0.2 | P21: =G21+J21+M21 -> 0 | Q21: =P21+'20'!Q21 -> 7.8379 | R21: =H21+K21+N21 -> 0
A22: 102+ | C22: Feed Stream (C8-10 Process Input)) | F22: 24 | G22: 5.706 | I22: T24 | J22: 0.028 | L22: T24 | O22: T24 | P22: =G22+J22+M22 -> 5.734 | Q22: =P22+'20'!Q22 -> 261.413 | R22: =H22+K22+N22 -> 0
C23: Hydrogenated Product Stream | F23: 24 | G23: 8.615 | I23: T112 | J23: 0.335 | L23: T112 | O23: T112 | P23: =G23+J23+M23 -> 8.95 | Q23: =P23+'20'!Q23 -> 257.9283 | R23: =H23+K23+N23 -> 0
A24: 103+ | C24: Light Hydrocarbon Fraction | F24: 24 | G24: 8.803 | I24: T112 | J24: 8.803 | L24: T112 | M24: 8.81 | O24: T112 | P24: =G24+J24+M24 -> 26.416 | Q24: =P24+'20'!Q24 -> 319.693 | R24: =H24+K24+N24 -> 0
C25: Light End (C6) | F25: - | G25: 0.1525 | I25: T114 | J25: 0.1525 | L25: T114 | M25: 0.153 | O25: T114 | P25: =G25+J25+M25 -> 0.458 | Q25: =P25+'20'!Q25 -> 7.4168 | R25: =H25+K25+N25 -> 0
C26: Distillation Side Cut A | F26: - | G26: 8.423 | I26: T116 | J26: 8.423 | L26: T116 | M26: 8.421 | O26: T116 | P26: =G26+J26+M26 -> 25.267 | Q26: =P26+'20'!Q26 -> 300.525 | R26: =H26+K26+N26 -> 0
C27: Distillation Side Cut B | F27: - | G27: 0 | I27: coloum | J27: 0 | L27: coloum | M27: 0 | O27: coloum | P27: =G27+J27+M27 -> 0 | Q27: =P27+'20'!Q27 -> 0 | R27: =H27+K27+N27 -> 0
C28: Heavy Residual Stream | F28: - | G28: 0.2416 | I28: T119 | J28: 0.2416 | L28: T119 | M28: 0.24 | O28: T119 | P28: =G28+J28+M28 -> 0.7232 | Q28: =P28+'20'!Q28 -> 12.5752 | R28: =H28+K28+N28 -> 0
A29: 104 | C29: Feed Primary Stream (C8-10) | J29: 12.276 | L29: T120 | P29: =G29+J29+M29 -> 12.276 | Q29: =P29+'20'!Q29 -> 174.231 | R29: =H29+K29+N29 -> 0
C30: Feed Secondary Stream (Oleic Intermediate) | P30: =G30+J30+M30 -> 0 | Q30: =P30+'20'!Q30 -> 0 | R30: =H30+K30+N30 -> 0
C31: Feed Stream Auxiliary (Glycerol Phase) | J31: 2.466 | L31: T124 | P31: =G31+J31+M31 -> 2.466 | Q31: =P31+'20'!Q31 -> 34.536 | R31: =H31+K31+N31 -> 0
C32: Product Stream A (Medium Chain Ester) | G32: 11.61231 | I32: T128 | J32: 0 | L32: T128 | O32: T128 | P32: =G32+J32+M32 -> 11.61231 | Q32: =P32+'20'!Q32 -> 177.11622 | R32: =H32+K32+N32 -> 0
C33: Product Stream B (Distilled Chemical Output) | P33: =G33+J33+M33 -> 0 | Q33: =P33+'20'!Q33 -> 0 | R33: =H33+K33+N33 -> 0

Sheet 22
A5: Operation Month | D5: ='01'!D5 -> February | E5: ='01'!E5 -> 2026
A6: Operation Date | D6: ='21'!D6+1 -> 46075
A8: I. Production
A9: Sect. | C9: Description | F9: Capacity | G9: Shift II (7:00 - 15:00) | I9: Storage | J9: Shift III (15:00 - 23:00) | L9: Storage | M9: Shift I (23:00 - 7:00) | O9: Storage | P9: To Day | Q9: MTD | R9: D. Time
F10: MT/Day | G10: Product | H10: D.Time | I10: 122T... | J10: Product | K10: D.Time | L10: 122T... | M10: Product | N10: D.Time | O10: 122T... | R10: Hours
A11: 101 | C11: Feed Stream (C16-18 Raw Ester) | F11: 60 | P11: =G11+J11+M11 -> 0 | Q11: =P11+'21'!Q11 -> 1065.7 | R11: =H11+K11+N11 -> 0
C12: Oleic Intermediate Stream | F12: 30 | P12: =G12+J12+M12 -> 0 | Q12: =P12+'21'!Q12 -> 583.5 | R12: =H12+K12+N12 -> 0
C13: Heavy Phase Fraction | F13: 30 | P13: =G13+J13+M13 -> 0 | Q13: =P13+'21'!Q13 -> 488.7 | R13: =H13+K13+N13 -> 0
A14: 102 | C14: Feed Stream (Hydrogenated C16-18) | F14: 40 | P14: =G14+J14+M14 -> 0 | Q14: =P14+'21'!Q14 -> 158.894 | R14: =H14+K14+N14 -> 0
C15: Feed Stream (Hydrogenated Process Stock) | F15: 40 | P15: =G15+J15+M15 -> 0 | Q15: =P15+'21'!Q15 -> 0 | R15: =H15+K15+N15 -> 0
C16: Light Volatile Fraction | F16: =F14*(2/100) -> 0.8 | P16: =G16+J16+M16 -> 0 | Q16: =P16+'21'!Q16 -> 12.8787 | R16: =H16+K16+N16 -> 0
C17: Side Cut Fraction A | F17: =F14*12/100 -> 4.8 | P17: =G17+J17+M17 -> 0 | Q17: =P17+'21'!Q17 -> 0.227 | R17: =H17+K17+N17 -> 0
C18: Side Cut Fraction B | F18: - | P18: =G18+J18+M18 -> 0 | Q18: =P18+'21'!Q18 -> 102.732 | R18: =H18+K18+N18 -> 0
C19: Side Cut Fraction C | F19: - | P19: =G19+J19+M19 -> 0 | Q19: =P19+'21'!Q19 -> 34.469 | R19: =H19+K19+N19 -> 0
C20: Heavy Bottom Fraction | F20: - | P20: =G20+J20+M20 -> 0 | Q20: =P20+'21'!Q20 -> 0.806 | R20: =H20+K20+N20 -> 0
C21: Organic Residue Stream | F21: =F14*(0.5/100) -> 0.2 | P21: =G21+J21+M21 -> 0 | Q21: =P21+'21'!Q21 -> 7.8379 | R21: =H21+K21+N21 -> 0
A22: 102+ | C22: Feed Stream (C8-10 Process Input)) | F22: 24 | P22: =G22+J22+M22 -> 0 | Q22: =P22+'21'!Q22 -> 261.413 | R22: =H22+K22+N22 -> 0
C23: Hydrogenated Product Stream | F23: 24 | P23: =G23+J23+M23 -> 0 | Q23: =P23+'21'!Q23 -> 257.9283 | R23: =H23+K23+N23 -> 0
A24: 103+ | C24: Light Hydrocarbon Fraction | F24: 24 | G24: 5.339 | I24: T112 | J24: 0 | L24: T112 | O24: T112 | P24: =G24+J24+M24 -> 5.339 | Q24: =P24+'21'!Q24 -> 325.032 | R24: =H24+K24+N24 -> 0
C25: Light End (C6) | F25: - | G25: 0.0947 | I25: T114 | J25: 0 | L25: T114 | O25: T114 | P25: =G25+J25+M25 -> 0.0947 | Q25: =P25+'21'!Q25 -> 7.5115 | R25: =H25+K25+N25 -> 0
C26: Distillation Side Cut A | F26: - | G26: 5.15 | I26: T116 | J26: 0 | L26: T116 | O26: T116 | P26: =G26+J26+M26 -> 5.15 | Q26: =P26+'21'!Q26 -> 305.675 | R26: =H26+K26+N26 -> 0
C27: Distillation Side Cut B | F27: - | G27: 0 | I27: coloum | J27: 0 | L27: coloum | O27: coloum | P27: =G27+J27+M27 -> 0 | Q27: =P27+'21'!Q27 -> 0 | R27: =H27+K27+N27 -> 0
C28: Heavy Residual Stream | F28: - | G28: 0.1482 | I28: T119 | J28: 0 | L28: T119 | O28: T119 | P28: =G28+J28+M28 -> 0.1482 | Q28: =P28+'21'!Q28 -> 12.7234 | R28: =H28+K28+N28 -> 0
A29: 104 | C29: Feed Primary Stream (C8-10) | M29: 12.533 | O29: T120 | P29: =G29+J29+M29 -> 12.533 | Q29: =P29+'21'!Q29 -> 186.764 | R29: =H29+K29+N29 -> 0
C30: Feed Secondary Stream (Oleic Intermediate) | P30: =G30+J30+M30 -> 0 | Q30: =P30+'21'!Q30 -> 0 | R30: =H30+K30+N30 -> 0
C31: Feed Stream Auxiliary (Glycerol Phase) | M31: 2.544 | O31: T124 | P31: =G31+J31+M31 -> 2.544 | Q31: =P31+'21'!Q31 -> 37.08 | R31: =H31+K31+N31 -> 0
C32: Product Stream A (Medium Chain Ester) | G32: 1.45293 | I32: T128 | J32: 11.44302 | L32: T128 | M32: 0 | O32: T128 | P32: =G32+J32+M32 -> 12.89595 | Q32: =P32+'21'!Q32 -> 190.01217 | R32: =H32+K32+N32 -> 0
C33: Product Stream B (Distilled Chemical Output) | P33: =G33+J33+M33 -> 0 | Q33: =P33+'21'!Q33 -> 0 | R33: =H33+K33+N33 -> 0

Sheet 23
A5: Operation Month | D5: ='01'!D5 -> February | E5: ='01'!E5 -> 2026
A6: Operation Date | D6: ='22'!D6+1 -> 46076
A8: I. Production
A9: Sect. | C9: Description | F9: Capacity | G9: Shift II (7:00 - 15:00) | I9: Storage | J9: Shift III (15:00 - 23:00) | L9: Storage | M9: Shift I (23:00 - 7:00) | O9: Storage | P9: To Day | Q9: MTD | R9: D. Time
F10: MT/Day | G10: Product | H10: D.Time | I10: 122T... | J10: Product | K10: D.Time | L10: 122T... | M10: Product | N10: D.Time | O10: 122T... | R10: Hours
A11: 101 | C11: Feed Stream (C16-18 Raw Ester) | F11: 60 | P11: =G11+J11+M11 -> 0 | Q11: =P11+'22'!Q11 -> 1065.7 | R11: =H11+K11+N11 -> 0
C12: Oleic Intermediate Stream | F12: 30 | P12: =G12+J12+M12 -> 0 | Q12: =P12+'22'!Q12 -> 583.5 | R12: =H12+K12+N12 -> 0
C13: Heavy Phase Fraction | F13: 30 | P13: =G13+J13+M13 -> 0 | Q13: =P13+'22'!Q13 -> 488.7 | R13: =H13+K13+N13 -> 0
A14: 102 | C14: Feed Stream (Hydrogenated C16-18) | F14: 40 | P14: =G14+J14+M14 -> 0 | Q14: =P14+'22'!Q14 -> 158.894 | R14: =H14+K14+N14 -> 0
C15: Feed Stream (Hydrogenated Process Stock) | F15: 40 | P15: =G15+J15+M15 -> 0 | Q15: =P15+'22'!Q15 -> 0 | R15: =H15+K15+N15 -> 0
C16: Light Volatile Fraction | F16: =F14*(2/100) -> 0.8 | P16: =G16+J16+M16 -> 0 | Q16: =P16+'22'!Q16 -> 12.8787 | R16: =H16+K16+N16 -> 0
C17: Side Cut Fraction A | F17: =F14*12/100 -> 4.8 | P17: =G17+J17+M17 -> 0 | Q17: =P17+'22'!Q17 -> 0.227 | R17: =H17+K17+N17 -> 0
C18: Side Cut Fraction B | F18: - | P18: =G18+J18+M18 -> 0 | Q18: =P18+'22'!Q18 -> 102.732 | R18: =H18+K18+N18 -> 0
C19: Side Cut Fraction C | F19: - | P19: =G19+J19+M19 -> 0 | Q19: =P19+'22'!Q19 -> 34.469 | R19: =H19+K19+N19 -> 0
C20: Heavy Bottom Fraction | F20: - | P20: =G20+J20+M20 -> 0 | Q20: =P20+'22'!Q20 -> 0.806 | R20: =H20+K20+N20 -> 0
C21: Organic Residue Stream | F21: =F14*(0.5/100) -> 0.2 | P21: =G21+J21+M21 -> 0 | Q21: =P21+'22'!Q21 -> 7.8379 | R21: =H21+K21+N21 -> 0
A22: 102+ | C22: Feed Stream (C8-10 Process Input)) | F22: 24 | P22: =G22+J22+M22 -> 0 | Q22: =P22+'22'!Q22 -> 261.413 | R22: =H22+K22+N22 -> 0
C23: Hydrogenated Product Stream | F23: 24 | P23: =G23+J23+M23 -> 0 | Q23: =P23+'22'!Q23 -> 257.9283 | R23: =H23+K23+N23 -> 0
A24: 103+ | C24: Light Hydrocarbon Fraction | F24: 24 | P24: =G24+J24+M24 -> 0 | Q24: =P24+'22'!Q24 -> 325.032 | R24: =H24+K24+N24 -> 0
C25: Light End (C6) | F25: - | P25: =G25+J25+M25 -> 0 | Q25: =P25+'22'!Q25 -> 7.5115 | R25: =H25+K25+N25 -> 0
C26: Distillation Side Cut A | F26: - | P26: =G26+J26+M26 -> 0 | Q26: =P26+'22'!Q26 -> 305.675 | R26: =H26+K26+N26 -> 0
C27: Distillation Side Cut B | F27: - | P27: =G27+J27+M27 -> 0 | Q27: =P27+'22'!Q27 -> 0 | R27: =H27+K27+N27 -> 0
C28: Heavy Residual Stream | F28: - | P28: =G28+J28+M28 -> 0 | Q28: =P28+'22'!Q28 -> 12.7234 | R28: =H28+K28+N28 -> 0
A29: 104 | C29: Feed Primary Stream (C8-10) | P29: =G29+J29+M29 -> 0 | Q29: =P29+'22'!Q29 -> 186.764 | R29: =H29+K29+N29 -> 0
C30: Feed Secondary Stream (Oleic Intermediate) | P30: =G30+J30+M30 -> 0 | Q30: =P30+'22'!Q30 -> 0 | R30: =H30+K30+N30 -> 0
C31: Feed Stream Auxiliary (Glycerol Phase) | P31: =G31+J31+M31 -> 0 | Q31: =P31+'22'!Q31 -> 37.08 | R31: =H31+K31+N31 -> 0
C32: Product Stream A (Medium Chain Ester) | M32: 9.074 | O32: T128 | P32: =G32+J32+M32 -> 9.074 | Q32: =P32+'22'!Q32 -> 199.08617 | R32: =H32+K32+N32 -> 0
C33: Product Stream B (Distilled Chemical Output) | P33: =G33+J33+M33 -> 0 | Q33: =P33+'22'!Q33 -> 0 | R33: =H33+K33+N33 -> 0

Sheet 24
A5: Operation Month | D5: ='01'!D5 -> February | E5: ='01'!E5 -> 2026
A6: Operation Date | D6: ='23'!D6+1 -> 46077
A8: I. Production
A9: Sect. | C9: Description | F9: Capacity | G9: Shift II (7:00 - 15:00) | I9: Storage | J9: Shift III (15:00 - 23:00) | L9: Storage | M9: Shift I (23:00 - 7:00) | O9: Storage | P9: To Day | Q9: MTD | R9: D. Time
F10: MT/Day | G10: Product | H10: D.Time | I10: 122T... | J10: Product | K10: D.Time | L10: 122T... | M10: Product | N10: D.Time | O10: 122T... | R10: Hours
A11: 101 | C11: Feed Stream (C16-18 Raw Ester) | F11: 60 | P11: =G11+J11+M11 -> 0 | Q11: =P11+'23'!Q11 -> 1065.7 | R11: =H11+K11+N11 -> 0
C12: Oleic Intermediate Stream | F12: 30 | P12: =G12+J12+M12 -> 0 | Q12: =P12+'23'!Q12 -> 583.5 | R12: =H12+K12+N12 -> 0
C13: Heavy Phase Fraction | F13: 30 | P13: =G13+J13+M13 -> 0 | Q13: =P13+'23'!Q13 -> 488.7 | R13: =H13+K13+N13 -> 0
A14: 102 | C14: Feed Stream (Hydrogenated C16-18) | F14: 40 | P14: =G14+J14+M14 -> 0 | Q14: =P14+'23'!Q14 -> 158.894 | R14: =H14+K14+N14 -> 0
C15: Feed Stream (Hydrogenated Process Stock) | F15: 40 | P15: =G15+J15+M15 -> 0 | Q15: =P15+'23'!Q15 -> 0 | R15: =H15+K15+N15 -> 0
C16: Light Volatile Fraction | F16: =F14*(2/100) -> 0.8 | P16: =G16+J16+M16 -> 0 | Q16: =P16+'23'!Q16 -> 12.8787 | R16: =H16+K16+N16 -> 0
C17: Side Cut Fraction A | F17: =F14*12/100 -> 4.8 | P17: =G17+J17+M17 -> 0 | Q17: =P17+'23'!Q17 -> 0.227 | R17: =H17+K17+N17 -> 0
C18: Side Cut Fraction B | F18: - | P18: =G18+J18+M18 -> 0 | Q18: =P18+'23'!Q18 -> 102.732 | R18: =H18+K18+N18 -> 0
C19: Side Cut Fraction C | F19: - | P19: =G19+J19+M19 -> 0 | Q19: =P19+'23'!Q19 -> 34.469 | R19: =H19+K19+N19 -> 0
C20: Heavy Bottom Fraction | F20: - | P20: =G20+J20+M20 -> 0 | Q20: =P20+'23'!Q20 -> 0.806 | R20: =H20+K20+N20 -> 0
C21: Organic Residue Stream | F21: =F14*(0.5/100) -> 0.2 | P21: =G21+J21+M21 -> 0 | Q21: =P21+'23'!Q21 -> 7.8379 | R21: =H21+K21+N21 -> 0
A22: 102+ | C22: Feed Stream (C8-10 Process Input)) | F22: 24 | P22: =G22+J22+M22 -> 0 | Q22: =P22+'23'!Q22 -> 261.413 | R22: =H22+K22+N22 -> 0
C23: Hydrogenated Product Stream | F23: 24 | P23: =G23+J23+M23 -> 0 | Q23: =P23+'23'!Q23 -> 257.9283 | R23: =H23+K23+N23 -> 0
A24: 103+ | C24: Light Hydrocarbon Fraction | F24: 24 | P24: =G24+J24+M24 -> 0 | Q24: =P24+'23'!Q24 -> 325.032 | R24: =H24+K24+N24 -> 0
C25: Light End (C6) | F25: - | P25: =G25+J25+M25 -> 0 | Q25: =P25+'23'!Q25 -> 7.5115 | R25: =H25+K25+N25 -> 0
C26: Distillation Side Cut A | F26: - | P26: =G26+J26+M26 -> 0 | Q26: =P26+'23'!Q26 -> 305.675 | R26: =H26+K26+N26 -> 0
C27: Distillation Side Cut B | F27: - | P27: =G27+J27+M27 -> 0 | Q27: =P27+'23'!Q27 -> 0 | R27: =H27+K27+N27 -> 0
C28: Heavy Residual Stream | F28: - | P28: =G28+J28+M28 -> 0 | Q28: =P28+'23'!Q28 -> 12.7234 | R28: =H28+K28+N28 -> 0
A29: 104 | C29: Feed Primary Stream (C8-10) | P29: =G29+J29+M29 -> 0 | Q29: =P29+'23'!Q29 -> 186.764 | R29: =H29+K29+N29 -> 0
C30: Feed Secondary Stream (Oleic Intermediate) | P30: =G30+J30+M30 -> 0 | Q30: =P30+'23'!Q30 -> 0 | R30: =H30+K30+N30 -> 0
C31: Feed Stream Auxiliary (Glycerol Phase) | P31: =G31+J31+M31 -> 0 | Q31: =P31+'23'!Q31 -> 37.08 | R31: =H31+K31+N31 -> 0
C32: Product Stream A (Medium Chain Ester) | G32: 3.826 | I32: T128 | P32: =G32+J32+M32 -> 3.826 | Q32: =P32+'23'!Q32 -> 202.91217 | R32: =H32+K32+N32 -> 0
C33: Product Stream B (Distilled Chemical Output) | P33: =G33+J33+M33 -> 0 | Q33: =P33+'23'!Q33 -> 0 | R33: =H33+K33+N33 -> 0

Sheet 25
A5: Operation Month | D5: ='01'!D5 -> February | E5: ='01'!E5 -> 2026
A6: Operation Date | D6: ='24'!D6+1 -> 46078
A8: I. Production
A9: Sect. | C9: Description | F9: Capacity | G9: Shift II (7:00 - 15:00) | I9: Storage | J9: Shift III (15:00 - 23:00) | L9: Storage | M9: Shift I (23:00 - 7:00) | O9: Storage | P9: To Day | Q9: MTD | R9: D. Time
F10: MT/Day | G10: Product | H10: D.Time | I10: 122T... | J10: Product | K10: D.Time | L10: 122T... | M10: Product | N10: D.Time | O10: 122T... | R10: Hours
A11: 101 | C11: Feed Stream (C16-18 Raw Ester) | F11: 60 | P11: =G11+J11+M11 -> 0 | Q11: =P11+'24'!Q11 -> 1065.7 | R11: =H11+K11+N11 -> 0
C12: Oleic Intermediate Stream | F12: 30 | P12: =G12+J12+M12 -> 0 | Q12: =P12+'24'!Q12 -> 583.5 | R12: =H12+K12+N12 -> 0
C13: Heavy Phase Fraction | F13: 30 | P13: =G13+J13+M13 -> 0 | Q13: =P13+'24'!Q13 -> 488.7 | R13: =H13+K13+N13 -> 0
A14: 102 | C14: Feed Stream (Hydrogenated C16-18) | F14: 40 | M14: 0.238 | O14: T98 | P14: =G14+J14+M14 -> 0.238 | Q14: =P14+'24'!Q14 -> 159.132 | R14: =H14+K14+N14 -> 0
C15: Feed Stream (Hydrogenated Process Stock) | F15: 40 | P15: =G15+J15+M15 -> 0 | Q15: =P15+'24'!Q15 -> 0 | R15: =H15+K15+N15 -> 0
C16: Light Volatile Fraction | F16: =F14*(2/100) -> 0.8 | M16: 0.0355 | O16: T100 | P16: =G16+J16+M16 -> 0.0355 | Q16: =P16+'24'!Q16 -> 12.9142 | R16: =H16+K16+N16 -> 0
C17: Side Cut Fraction A | F17: =F14*12/100 -> 4.8 | M17: 0.052 | O17: T101 | P17: =G17+J17+M17 -> 0.052 | Q17: =P17+'24'!Q17 -> 0.279 | R17: =H17+K17+N17 -> 0
C18: Side Cut Fraction B | F18: - | M18: 0.18 | O18: T103 | P18: =G18+J18+M18 -> 0.18 | Q18: =P18+'24'!Q18 -> 102.912 | R18: =H18+K18+N18 -> 0
C19: Side Cut Fraction C | F19: - | P19: =G19+J19+M19 -> 0 | Q19: =P19+'24'!Q19 -> 34.469 | R19: =H19+K19+N19 -> 0
C20: Heavy Bottom Fraction | F20: - | P20: =G20+J20+M20 -> 0 | Q20: =P20+'24'!Q20 -> 0.806 | R20: =H20+K20+N20 -> 0
C21: Organic Residue Stream | F21: =F14*(0.5/100) -> 0.2 | M21: 0.0137 | O21: T107 | P21: =G21+J21+M21 -> 0.0137 | Q21: =P21+'24'!Q21 -> 7.8516 | R21: =H21+K21+N21 -> 0
A22: 102+ | C22: Feed Stream (C8-10 Process Input)) | F22: 24 | P22: =G22+J22+M22 -> 0 | Q22: =P22+'24'!Q22 -> 261.413 | R22: =H22+K22+N22 -> 0
C23: Hydrogenated Product Stream | F23: 24 | P23: =G23+J23+M23 -> 0 | Q23: =P23+'24'!Q23 -> 257.9283 | R23: =H23+K23+N23 -> 0
A24: 103+ | C24: Light Hydrocarbon Fraction | F24: 24 | P24: =G24+J24+M24 -> 0 | Q24: =P24+'24'!Q24 -> 325.032 | R24: =H24+K24+N24 -> 0
C25: Light End (C6) | F25: - | P25: =G25+J25+M25 -> 0 | Q25: =P25+'24'!Q25 -> 7.5115 | R25: =H25+K25+N25 -> 0
C26: Distillation Side Cut A | F26: - | P26: =G26+J26+M26 -> 0 | Q26: =P26+'24'!Q26 -> 305.675 | R26: =H26+K26+N26 -> 0
C27: Distillation Side Cut B | F27: - | P27: =G27+J27+M27 -> 0 | Q27: =P27+'24'!Q27 -> 0 | R27: =H27+K27+N27 -> 0
C28: Heavy Residual Stream | F28: - | P28: =G28+J28+M28 -> 0 | Q28: =P28+'24'!Q28 -> 12.7234 | R28: =H28+K28+N28 -> 0
A29: 104 | C29: Feed Primary Stream (C8-10) | G29: 12.416 | I29: T120 | P29: =G29+J29+M29 -> 12.416 | Q29: =P29+'24'!Q29 -> 199.18 | R29: =H29+K29+N29 -> 0
C30: Feed Secondary Stream (Oleic Intermediate) | P30: =G30+J30+M30 -> 0 | Q30: =P30+'24'!Q30 -> 0 | R30: =H30+K30+N30 -> 0
C31: Feed Stream Auxiliary (Glycerol Phase) | G31: 2.465 | I31: T124 | P31: =G31+J31+M31 -> 2.465 | Q31: =P31+'24'!Q31 -> 39.545 | R31: =H31+K31+N31 -> 0
C32: Product Stream A (Medium Chain Ester) | G32: 5.82016 | I32: T127 | J32: 7.119 | L32: T127 | P32: =G32+J32+M32 -> 12.93916 | Q32: =P32+'24'!Q32 -> 215.85133 | R32: =H32+K32+N32 -> 0
C33: Product Stream B (Distilled Chemical Output) | P33: =G33+J33+M33 -> 0 | Q33: =P33+'24'!Q33 -> 0 | R33: =H33+K33+N33 -> 0

Sheet 26
A5: Operation Month | D5: ='01'!D5 -> February | E5: ='01'!E5 -> 2026
A6: Operation Date | D6: ='25'!D6+1 -> 46079
A8: I. Production
A9: Sect. | C9: Description | F9: Capacity | G9: Shift II (7:00 - 15:00) | I9: Storage | J9: Shift III (15:00 - 23:00) | L9: Storage | M9: Shift I (23:00 - 7:00) | O9: Storage | P9: To Day | Q9: MTD | R9: D. Time
F10: MT/Day | G10: Product | H10: D.Time | I10: 122T... | J10: Product | K10: D.Time | L10: 122T... | M10: Product | N10: D.Time | O10: 122T... | R10: Hours
A11: 101 | C11: Feed Stream (C16-18 Raw Ester) | F11: 60 | P11: =G11+J11+M11 -> 0 | Q11: =P11+'25'!Q11 -> 1065.7 | R11: =H11+K11+N11 -> 0
C12: Oleic Intermediate Stream | F12: 30 | P12: =G12+J12+M12 -> 0 | Q12: =P12+'25'!Q12 -> 583.5 | R12: =H12+K12+N12 -> 0
C13: Heavy Phase Fraction | F13: 30 | P13: =G13+J13+M13 -> 0 | Q13: =P13+'25'!Q13 -> 488.7 | R13: =H13+K13+N13 -> 0
A14: 102 | C14: Feed Stream (Hydrogenated C16-18) | F14: 40 | G14: 6.447 | I14: T98 | J14: 6.452 | L14: T98 | M14: 6.336 | O14: T98 | P14: =G14+J14+M14 -> 19.235 | Q14: =P14+'25'!Q14 -> 178.367 | R14: =H14+K14+N14 -> 0
C15: Feed Stream (Hydrogenated Process Stock) | F15: 40 | P15: =G15+J15+M15 -> 0 | Q15: =P15+'25'!Q15 -> 0 | R15: =H15+K15+N15 -> 0
C16: Light Volatile Fraction | F16: =F14*(2/100) -> 0.8 | G16: 0.998 | I16: T100 | J16: 0.9008 | L16: T100 | M16: 0.8899 | O16: T100 | P16: =G16+J16+M16 -> 2.7887 | Q16: =P16+'25'!Q16 -> 15.7029 | R16: =H16+K16+N16 -> 0
C17: Side Cut Fraction A | F17: =F14*12/100 -> 4.8 | G17: 0.601 | I17: T101 | J17: 0 | L17: T101 | M17: 0 | O17: T101 | P17: =G17+J17+M17 -> 0.601 | Q17: =P17+'25'!Q17 -> 0.88 | R17: =H17+K17+N17 -> 0
C18: Side Cut Fraction B | F18: - | G18: 3.444 | I18: T103 | J18: 4.284 | L18: T103 | M18: 4.146 | O18: T103 | P18: =G18+J18+M18 -> 11.874 | Q18: =P18+'25'!Q18 -> 114.786 | R18: =H18+K18+N18 -> 0
C19: Side Cut Fraction C | F19: - | P19: =G19+J19+M19 -> 0 | Q19: =P19+'25'!Q19 -> 34.469 | R19: =H19+K19+N19 -> 0
C20: Heavy Bottom Fraction | F20: - | G20: 0 | I20: coloum | J20: 0 | L20: coloum | M20: 0 | O20: coloum | P20: =G20+J20+M20 -> 0 | Q20: =P20+'25'!Q20 -> 0.806 | R20: =H20+K20+N20 -> 0
C21: Organic Residue Stream | F21: =F14*(0.5/100) -> 0.2 | G21: 0.761 | I21: T107 | J21: 1.1946 | L21: T107 | M21: 1.2026 | O21: T107 | P21: =G21+J21+M21 -> 3.1582 | Q21: =P21+'25'!Q21 -> 11.0098 | R21: =H21+K21+N21 -> 0
A22: 102+ | C22: Feed Stream (C8-10 Process Input)) | F22: 24 | P22: =G22+J22+M22 -> 0 | Q22: =P22+'25'!Q22 -> 261.413 | R22: =H22+K22+N22 -> 0
C23: Hydrogenated Product Stream | F23: 24 | P23: =G23+J23+M23 -> 0 | Q23: =P23+'25'!Q23 -> 257.9283 | R23: =H23+K23+N23 -> 0
A24: 103+ | C24: Light Hydrocarbon Fraction | F24: 24 | P24: =G24+J24+M24 -> 0 | Q24: =P24+'25'!Q24 -> 325.032 | R24: =H24+K24+N24 -> 0
C25: Light End (C6) | F25: - | P25: =G25+J25+M25 -> 0 | Q25: =P25+'25'!Q25 -> 7.5115 | R25: =H25+K25+N25 -> 0
C26: Distillation Side Cut A | F26: - | P26: =G26+J26+M26 -> 0 | Q26: =P26+'25'!Q26 -> 305.675 | R26: =H26+K26+N26 -> 0
C27: Distillation Side Cut B | F27: - | P27: =G27+J27+M27 -> 0 | Q27: =P27+'25'!Q27 -> 0 | R27: =H27+K27+N27 -> 0
C28: Heavy Residual Stream | F28: - | P28: =G28+J28+M28 -> 0 | Q28: =P28+'25'!Q28 -> 12.7234 | R28: =H28+K28+N28 -> 0
A29: 104 | C29: Feed Primary Stream (C8-10) | P29: =G29+J29+M29 -> 0 | Q29: =P29+'25'!Q29 -> 199.18 | R29: =H29+K29+N29 -> 0
C30: Feed Secondary Stream (Oleic Intermediate) | P30: =G30+J30+M30 -> 0 | Q30: =P30+'25'!Q30 -> 0 | R30: =H30+K30+N30 -> 0
C31: Feed Stream Auxiliary (Glycerol Phase) | P31: =G31+J31+M31 -> 0 | Q31: =P31+'25'!Q31 -> 39.545 | R31: =H31+K31+N31 -> 0
C32: Product Stream A (Medium Chain Ester) | P32: =G32+J32+M32 -> 0 | Q32: =P32+'25'!Q32 -> 215.85133 | R32: =H32+K32+N32 -> 0
C33: Product Stream B (Distilled Chemical Output) | P33: =G33+J33+M33 -> 0 | Q33: =P33+'25'!Q33 -> 0 | R33: =H33+K33+N33 -> 0

Sheet 27
A5: Operation Month | D5: ='01'!D5 -> February | E5: ='01'!E5 -> 2026
A6: Operation Date | D6: ='26'!D6+1 -> 46080
A8: I. Production
A9: Sect. | C9: Description | F9: Capacity | G9: Shift II (7:00 - 15:00) | I9: Storage | J9: Shift III (15:00 - 23:00) | L9: Storage | M9: Shift I (23:00 - 7:00) | O9: Storage | P9: To Day | Q9: MTD | R9: D. Time
F10: MT/Day | G10: Product | H10: D.Time | I10: 122T... | J10: Product | K10: D.Time | L10: 122T... | M10: Product | N10: D.Time | O10: 122T... | R10: Hours
A11: 101 | C11: Feed Stream (C16-18 Raw Ester) | F11: 60 | P11: =G11+J11+M11 -> 0 | Q11: =P11+'26'!Q11 -> 1065.7 | R11: =H11+K11+N11 -> 0
C12: Oleic Intermediate Stream | F12: 30 | P12: =G12+J12+M12 -> 0 | Q12: =P12+'26'!Q12 -> 583.5 | R12: =H12+K12+N12 -> 0
C13: Heavy Phase Fraction | F13: 30 | P13: =G13+J13+M13 -> 0 | Q13: =P13+'26'!Q13 -> 488.7 | R13: =H13+K13+N13 -> 0
A14: 102 | C14: Feed Stream (Hydrogenated C16-18) | F14: 40 | G14: 6.459 | I14: T98 | J14: 6.393 | L14: T98 | M14: 6.576 | O14: T98 | P14: =G14+J14+M14 -> 19.428 | Q14: =P14+'26'!Q14 -> 197.795 | R14: =H14+K14+N14 -> 0
C15: Feed Stream (Hydrogenated Process Stock) | F15: 40 | P15: =G15+J15+M15 -> 0 | Q15: =P15+'26'!Q15 -> 0 | R15: =H15+K15+N15 -> 0
C16: Light Volatile Fraction | F16: =F14*(2/100) -> 0.8 | G16: 0.908 | I16: T100 | J16: 0.898 | L16: T100 | M16: 0.9251 | O16: T100 | P16: =G16+J16+M16 -> 2.7311 | Q16: =P16+'26'!Q16 -> 18.434 | R16: =H16+K16+N16 -> 0
C17: Side Cut Fraction A | F17: =F14*12/100 -> 4.8 | G17: 0 | I17: T101 | J17: 0 | L17: T101 | M17: 0 | O17: T101 | P17: =G17+J17+M17 -> 0 | Q17: =P17+'26'!Q17 -> 0.88 | R17: =H17+K17+N17 -> 0
C18: Side Cut Fraction B | F18: - | G18: 4.227 | I18: T103 | J18: 4.19 | L18: T103 | M18: 4.321 | O18: T103 | P18: =G18+J18+M18 -> 12.738 | Q18: =P18+'26'!Q18 -> 127.524 | R18: =H18+K18+N18 -> 0
C19: Side Cut Fraction C | F19: - | P19: =G19+J19+M19 -> 0 | Q19: =P19+'26'!Q19 -> 34.469 | R19: =H19+K19+N19 -> 0
C20: Heavy Bottom Fraction | F20: - | G20: 0 | I20: coloum | J20: 0 | L20: coloum | M20: 0 | O20: coloum | P20: =G20+J20+M20 -> 0 | Q20: =P20+'26'!Q20 -> 0.806 | R20: =H20+K20+N20 -> 0
C21: Organic Residue Stream | F21: =F14*(0.5/100) -> 0.2 | G21: 1.1962 | I21: T107 | J21: 1.174 | L21: T107 | M21: 1.232 | O21: T107 | P21: =G21+J21+M21 -> 3.6022 | Q21: =P21+'26'!Q21 -> 14.612 | R21: =H21+K21+N21 -> 0
A22: 102+ | C22: Feed Stream (C8-10 Process Input)) | F22: 24 | P22: =G22+J22+M22 -> 0 | Q22: =P22+'26'!Q22 -> 261.413 | R22: =H22+K22+N22 -> 0
C23: Hydrogenated Product Stream | F23: 24 | P23: =G23+J23+M23 -> 0 | Q23: =P23+'26'!Q23 -> 257.9283 | R23: =H23+K23+N23 -> 0
A24: 103+ | C24: Light Hydrocarbon Fraction | F24: 24 | P24: =G24+J24+M24 -> 0 | Q24: =P24+'26'!Q24 -> 325.032 | R24: =H24+K24+N24 -> 0
C25: Light End (C6) | F25: - | P25: =G25+J25+M25 -> 0 | Q25: =P25+'26'!Q25 -> 7.5115 | R25: =H25+K25+N25 -> 0
C26: Distillation Side Cut A | F26: - | P26: =G26+J26+M26 -> 0 | Q26: =P26+'26'!Q26 -> 305.675 | R26: =H26+K26+N26 -> 0
C27: Distillation Side Cut B | F27: - | P27: =G27+J27+M27 -> 0 | Q27: =P27+'26'!Q27 -> 0 | R27: =H27+K27+N27 -> 0
C28: Heavy Residual Stream | F28: - | P28: =G28+J28+M28 -> 0 | Q28: =P28+'26'!Q28 -> 12.7234 | R28: =H28+K28+N28 -> 0
A29: 104 | C29: Feed Primary Stream (C8-10) | G29: 12.197 | I29: T120 | P29: =G29+J29+M29 -> 12.197 | Q29: =P29+'26'!Q29 -> 211.377 | R29: =H29+K29+N29 -> 0
C30: Feed Secondary Stream (Oleic Intermediate) | P30: =G30+J30+M30 -> 0 | Q30: =P30+'26'!Q30 -> 0 | R30: =H30+K30+N30 -> 0
C31: Feed Stream Auxiliary (Glycerol Phase) | G31: 2.467 | I31: T124 | P31: =G31+J31+M31 -> 2.467 | Q31: =P31+'26'!Q31 -> 42.012 | R31: =H31+K31+N31 -> 0
C32: Product Stream A (Medium Chain Ester) | G32: 0.8546 | I32: T127 | J32: 11.986 | L32: T127 | P32: =G32+J32+M32 -> 12.8406 | Q32: =P32+'26'!Q32 -> 228.69193 | R32: =H32+K32+N32 -> 0
C33: Product Stream B (Distilled Chemical Output) | P33: =G33+J33+M33 -> 0 | Q33: =P33+'26'!Q33 -> 0 | R33: =H33+K33+N33 -> 0

Sheet 28
A5: Operation Month | D5: ='01'!D5 -> February | E5: ='01'!E5 -> 2026
A6: Operation Date | D6: ='27'!D6+1 -> 46081
A8: I. Production
A9: Sect. | C9: Description | F9: Capacity | G9: Shift II (7:00 - 15:00) | I9: Storage | J9: Shift III (15:00 - 23:00) | L9: Storage | M9: Shift I (23:00 - 7:00) | O9: Storage | P9: To Day | Q9: MTD | R9: D. Time
F10: MT/Day | G10: Product | H10: D.Time | I10: 122T... | J10: Product | K10: D.Time | L10: 122T... | M10: Product | N10: D.Time | O10: 122T... | R10: Hours
A11: 101 | C11: Feed Stream (C16-18 Raw Ester) | F11: 60 | P11: =G11+J11+M11 -> 0 | Q11: =P11+'27'!Q11 -> 1065.7 | R11: =H11+K11+N11 -> 0
C12: Oleic Intermediate Stream | F12: 30 | P12: =G12+J12+M12 -> 0 | Q12: =P12+'27'!Q12 -> 583.5 | R12: =H12+K12+N12 -> 0
C13: Heavy Phase Fraction | F13: 30 | P13: =G13+J13+M13 -> 0 | Q13: =P13+'27'!Q13 -> 488.7 | R13: =H13+K13+N13 -> 0
A14: 102 | C14: Feed Stream (Hydrogenated C16-18) | F14: 40 | G14: 6.337 | I14: T98 | J14: 6.457 | L14: T98 | M14: 6.478 | O14: T98 | P14: =G14+J14+M14 -> 19.272 | Q14: =P14+'27'!Q14 -> 217.067 | R14: =H14+K14+N14 -> 0
C15: Feed Stream (Hydrogenated Process Stock) | F15: 40 | P15: =G15+J15+M15 -> 0 | Q15: =P15+'27'!Q15 -> 0 | R15: =H15+K15+N15 -> 0
C16: Light Volatile Fraction | F16: =F14*(2/100) -> 0.8 | G16: 0.887 | I16: T100 | J16: 0.91 | L16: T100 | M16: 0.9083 | O16: T100 | P16: =G16+J16+M16 -> 2.7053 | Q16: =P16+'27'!Q16 -> 21.1393 | R16: =H16+K16+N16 -> 0
C17: Side Cut Fraction A | F17: =F14*12/100 -> 4.8 | G17: 0 | I17: T101 | J17: 0 | L17: T101 | M17: 0 | O17: T101 | P17: =G17+J17+M17 -> 0 | Q17: =P17+'27'!Q17 -> 0.88 | R17: =H17+K17+N17 -> 0
C18: Side Cut Fraction B | F18: - | G18: 4.142 | I18: T103 | J18: 4.194 | L18: T103 | M18: 4.243 | O18: T103 | P18: =G18+J18+M18 -> 12.579 | Q18: =P18+'27'!Q18 -> 140.103 | R18: =H18+K18+N18 -> 0
C19: Side Cut Fraction C | F19: - | P19: =G19+J19+M19 -> 0 | Q19: =P19+'27'!Q19 -> 34.469 | R19: =H19+K19+N19 -> 0
C20: Heavy Bottom Fraction | F20: - | G20: 0 | I20: coloum | J20: 0 | L20: coloum | M20: 0 | O20: coloum | P20: =G20+J20+M20 -> 0 | Q20: =P20+'27'!Q20 -> 0.806 | R20: =H20+K20+N20 -> 0
C21: Organic Residue Stream | F21: =F14*(0.5/100) -> 0.2 | G21: 1.3064 | I21: T107 | J21: 1.111 | L21: T107 | M21: 1.1 | O21: T107 | P21: =G21+J21+M21 -> 3.5174 | Q21: =P21+'27'!Q21 -> 18.1294 | R21: =H21+K21+N21 -> 0
A22: 102+ | C22: Feed Stream (C8-10 Process Input)) | F22: 24 | P22: =G22+J22+M22 -> 0 | Q22: =P22+'27'!Q22 -> 261.413 | R22: =H22+K22+N22 -> 0
C23: Hydrogenated Product Stream | F23: 24 | P23: =G23+J23+M23 -> 0 | Q23: =P23+'27'!Q23 -> 257.9283 | R23: =H23+K23+N23 -> 0
A24: 103+ | C24: Light Hydrocarbon Fraction | F24: 24 | P24: =G24+J24+M24 -> 0 | Q24: =P24+'27'!Q24 -> 325.032 | R24: =H24+K24+N24 -> 0
C25: Light End (C6) | F25: - | P25: =G25+J25+M25 -> 0 | Q25: =P25+'27'!Q25 -> 7.5115 | R25: =H25+K25+N25 -> 0
C26: Distillation Side Cut A | F26: - | P26: =G26+J26+M26 -> 0 | Q26: =P26+'27'!Q26 -> 305.675 | R26: =H26+K26+N26 -> 0
C27: Distillation Side Cut B | F27: - | P27: =G27+J27+M27 -> 0 | Q27: =P27+'27'!Q27 -> 0 | R27: =H27+K27+N27 -> 0
C28: Heavy Residual Stream | F28: - | P28: =G28+J28+M28 -> 0 | Q28: =P28+'27'!Q28 -> 12.7234 | R28: =H28+K28+N28 -> 0
A29: 104 | C29: Feed Primary Stream (C8-10) | J29: 12.423 | L29: T120 | P29: =G29+J29+M29 -> 12.423 | Q29: =P29+'27'!Q29 -> 223.8 | R29: =H29+K29+N29 -> 0
C30: Feed Secondary Stream (Oleic Intermediate) | P30: =G30+J30+M30 -> 0 | Q30: =P30+'27'!Q30 -> 0 | R30: =H30+K30+N30 -> 0
C31: Feed Stream Auxiliary (Glycerol Phase) | J31: 2.468 | L31: T124 | P31: =G31+J31+M31 -> 2.468 | Q31: =P31+'27'!Q31 -> 44.48 | R31: =H31+K31+N31 -> 0
C32: Product Stream A (Medium Chain Ester) | P32: =G32+J32+M32 -> 0 | Q32: =P32+'27'!Q32 -> 228.69193 | R32: =H32+K32+N32 -> 0
C33: Product Stream B (Distilled Chemical Output) | P33: =G33+J33+M33 -> 0 | Q33: =P33+'27'!Q33 -> 0 | R33: =H33+K33+N33 -> 0

Sheet Summary
A1: I. Production
A2: Sect. | C2: Description | F2: Capacity | G2: Date
F3: MT/Day | G3: 1 | H3: 2 | I3: 3 | J3: 4 | K3: 5 | L3: 6 | M3: 7 | N3: 8 | O3: 9 | P3: 10 | Q3: 11 | R3: 12 | S3: 13 | T3: 14 | U3: 15 | V3: 16 | W3: 17 | X3: 18 | Y3: 19 | Z3: 20 | AA3: 21 | AB3: 22 | AC3: 23 | AD3: 24 | AE3: 25 | AF3: 26 | AG3: 27 | AH3: 28
A4: 116 | C4: Feed ( C16-18 PK) | F4: 60 | G4: ='01'!P11 -> 0 | H4: ='02'!P11 -> 0 | I4: ='03'!P11 -> 0 | J4: ='04'!P11 -> 52.7 | K4: ='05'!P11 -> 60.7 | L4: ='06'!P11 -> 60.5 | M4: ='07'!P11 -> 61.7 | N4: ='08'!P11 -> 60.4 | O4: ='09'!P11 -> 61.3 | P4: ='10'!P11 -> 62.2 | Q4: ='11'!P11 -> 61.3 | R4: ='12'!P11 -> 60.5 | S4: ='13'!P11 -> 61.2 | T4: ='14'!P11 -> 61.8 | U4: ='15'!P11 -> 61.2 | V4: ='16'!P11 -> 61.8 | W4: ='17'!P11 -> 64.6 | X4: ='18'!P11 -> 61.4 | Y4: ='19'!P11 -> 62.7 | Z4: ='20'!P11 -> 63.9 | AA4: ='21'!P11 -> 25.8 | AB4: ='22'!P11 -> 0 | AC4: ='23'!P11 -> 0 | AD4: ='24'!P11 -> 0 | AE4: ='25'!P11 -> 0 | AF4: ='26'!P11 -> 0 | AG4: ='27'!P11 -> 0 | AH4: ='28'!P11 -> 0
C5: Oleic Acid | F5: 30 | G5: ='01'!P12 -> 0 | H5: ='02'!P12 -> 0 | I5: ='03'!P12 -> 0 | J5: ='04'!P12 -> 11.2 | K5: ='05'!P12 -> 32.5 | L5: ='06'!P12 -> 34 | M5: ='07'!P12 -> 34.1 | N5: ='08'!P12 -> 34.2 | O5: ='09'!P12 -> 34.9 | P5: ='10'!P12 -> 34.2 | Q5: ='11'!P12 -> 34.1 | R5: ='12'!P12 -> 34 | S5: ='13'!P12 -> 33.7 | T5: ='14'!P12 -> 32.2 | U5: ='15'!P12 -> 32.7 | V5: ='16'!P12 -> 32.3 | W5: ='17'!P12 -> 35.1 | X5: ='18'!P12 -> 31.7 | Y5: ='19'!P12 -> 32.4 | Z5: ='20'!P12 -> 36.7 | AA5: ='21'!P12 -> 33.5 | AB5: ='22'!P12 -> 0 | AC5: ='23'!P12 -> 0 | AD5: ='24'!P12 -> 0 | AE5: ='25'!P12 -> 0 | AF5: ='26'!P12 -> 0 | AG5: ='27'!P12 -> 0 | AH5: ='28'!P12 -> 0
C6: Hard Fraction | F6: 30 | G6: ='01'!P13 -> 0 | H6: ='02'!P13 -> 0 | I6: ='03'!P13 -> 0 | J6: ='04'!P13 -> 0 | K6: ='05'!P13 -> 29.7 | L6: ='06'!P13 -> 27.1 | M6: ='07'!P13 -> 27.5 | N6: ='08'!P13 -> 27.7 | O6: ='09'!P13 -> 28.9 | P6: ='10'!P13 -> 26.1 | Q6: ='11'!P13 -> 26.3 | R6: ='12'!P13 -> 26 | S6: ='13'!P13 -> 30.2 | T6: ='14'!P13 -> 29 | U6: ='15'!P13 -> 25.5 | V6: ='16'!P13 -> 29.8 | W6: ='17'!P13 -> 28.7 | X6: ='18'!P13 -> 29.2 | Y6: ='19'!P13 -> 28.7 | Z6: ='20'!P13 -> 31.5 | AA6: ='21'!P13 -> 36.8 | AB6: ='22'!P13 -> 0 | AC6: ='23'!P13 -> 0 | AD6: ='24'!P13 -> 0 | AE6: ='25'!P13 -> 0 | AF6: ='26'!P13 -> 0 | AG6: ='27'!P13 -> 0 | AH6: ='28'!P13 -> 0
A7: 106 | C7: Feed ( H.C16-18 PK) | F7: 40 | G7: ='01'!P14 -> 0 | H7: ='02'!P14 -> 37.71 | I7: ='03'!P14 -> 39.522 | J7: ='04'!P14 -> 39.427 | K7: ='05'!P14 -> 15.437 | L7: ='06'!P14 -> 22.025 | M7: ='07'!P14 -> 4.773 | N7: ='08'!P14 -> 0 | O7: ='09'!P14 -> 0 | P7: ='10'!P14 -> 0 | Q7: ='11'!P14 -> 0 | R7: ='12'!P14 -> 0 | S7: ='13'!P14 -> 0 | T7: ='14'!P14 -> 0 | U7: ='15'!P14 -> 0 | V7: ='16'!P14 -> 0 | W7: ='17'!P14 -> 0 | X7: ='18'!P14 -> 0 | Y7: ='19'!P14 -> 0 | Z7: ='20'!P14 -> 0 | AA7: ='21'!P14 -> 0 | AB7: ='22'!P14 -> 0 | AC7: ='23'!P14 -> 0 | AD7: ='24'!P14 -> 0 | AE7: ='25'!P14 -> 0.238 | AF7: ='26'!P14 -> 19.235 | AG7: ='27'!P14 -> 19.428 | AH7: ='28'!P14 -> 19.272
C8: Feed ( H.C16-18 PS) | F8: 40 | G8: ='01'!P15 -> 0 | H8: ='02'!P15 -> 0 | I8: ='03'!P15 -> 0 | J8: ='04'!P15 -> 0 | K8: ='05'!P15 -> 0 | L8: ='06'!P15 -> 0 | M8: ='07'!P15 -> 0 | N8: ='08'!P15 -> 0 | O8: ='09'!P15 -> 0 | P8: ='10'!P15 -> 0 | Q8: ='11'!P15 -> 0 | R8: ='12'!P15 -> 0 | S8: ='13'!P15 -> 0 | T8: ='14'!P15 -> 0 | U8: ='15'!P15 -> 0 | V8: ='16'!P15 -> 0 | W8: ='17'!P15 -> 0 | X8: ='18'!P15 -> 0 | Y8: ='19'!P15 -> 0 | Z8: ='20'!P15 -> 0 | AA8: ='21'!P15 -> 0 | AB8: ='22'!P15 -> 0 | AC8: ='23'!P15 -> 0 | AD8: ='24'!P15 -> 0 | AE8: ='25'!P15 -> 0 | AF8: ='26'!P15 -> 0 | AG8: ='27'!P15 -> 0 | AH8: ='28'!P15 -> 0
C9: Light End | F9: =F7*(2/100) -> 0.8 | G9: ='01'!P16 -> 0 | H9: ='02'!P16 -> 1.9313 | I9: ='03'!P16 -> 3.0896 | J9: ='04'!P16 -> 3.4183 | K9: ='05'!P16 -> 1.6561 | L9: ='06'!P16 -> 2.21 | M9: ='07'!P16 -> 0.5734 | N9: ='08'!P16 -> 0 | O9: ='09'!P16 -> 0 | P9: ='10'!P16 -> 0 | Q9: ='11'!P16 -> 0 | R9: ='12'!P16 -> 0 | S9: ='13'!P16 -> 0 | T9: ='14'!P16 -> 0 | U9: ='15'!P16 -> 0 | V9: ='16'!P16 -> 0 | W9: ='17'!P16 -> 0 | X9: ='18'!P16 -> 0 | Y9: ='19'!P16 -> 0 | Z9: ='20'!P16 -> 0 | AA9: ='21'!P16 -> 0 | AB9: ='22'!P16 -> 0 | AC9: ='23'!P16 -> 0 | AD9: ='24'!P16 -> 0 | AE9: ='25'!P16 -> 0.0355 | AF9: ='26'!P16 -> 2.7887 | AG9: ='27'!P16 -> 2.7311 | AH9: ='28'!P16 -> 2.7053
C10: Side Fraction I (C1698) | F10: =F7*12/100 -> 4.8 | G10: ='01'!P17 -> 0 | H10: ='02'!P17 -> 0.227 | I10: ='03'!P17 -> 0 | J10: ='04'!P17 -> 0 | K10: ='05'!P17 -> 0 | L10: ='06'!P17 -> 0 | M10: ='07'!P17 -> 0 | N10: ='08'!P17 -> 0 | O10: ='09'!P17 -> 0 | P10: ='10'!P17 -> 0 | Q10: ='11'!P17 -> 0 | R10: ='12'!P17 -> 0 | S10: ='13'!P17 -> 0 | T10: ='14'!P17 -> 0 | U10: ='15'!P17 -> 0 | V10: ='16'!P17 -> 0 | W10: ='17'!P17 -> 0 | X10: ='18'!P17 -> 0 | Y10: ='19'!P17 -> 0 | Z10: ='20'!P17 -> 0 | AA10: ='21'!P17 -> 0 | AB10: ='22'!P17 -> 0 | AC10: ='23'!P17 -> 0 | AD10: ='24'!P17 -> 0 | AE10: ='25'!P17 -> 0.052 | AF10: ='26'!P17 -> 0.601 | AG10: ='27'!P17 -> 0 | AH10: ='28'!P17 -> 0
C11: Side Fraction II (H.C16-18 PK) | F11: - | G11: ='01'!P18 -> 0 | H11: ='02'!P18 -> 33.09 | I11: ='03'!P18 -> 35.149 | J11: ='04'!P18 -> 34.493 | K11: ='05'!P18 -> 0 | L11: ='06'!P18 -> 0 | M11: ='07'!P18 -> 0 | N11: ='08'!P18 -> 0 | O11: ='09'!P18 -> 0 | P11: ='10'!P18 -> 0 | Q11: ='11'!P18 -> 0 | R11: ='12'!P18 -> 0 | S11: ='13'!P18 -> 0 | T11: ='14'!P18 -> 0 | U11: ='15'!P18 -> 0 | V11: ='16'!P18 -> 0 | W11: ='17'!P18 -> 0 | X11: ='18'!P18 -> 0 | Y11: ='19'!P18 -> 0 | Z11: ='20'!P18 -> 0 | AA11: ='21'!P18 -> 0 | AB11: ='22'!P18 -> 0 | AC11: ='23'!P18 -> 0 | AD11: ='24'!P18 -> 0 | AE11: ='25'!P18 -> 0.18 | AF11: ='26'!P18 -> 11.874 | AG11: ='27'!P18 -> 12.738 | AH11: ='28'!P18 -> 12.579
C12: Side Fraction II (H.C16-18 PS) | F12: - | G12: ='01'!P19 -> 0 | H12: ='02'!P19 -> 0 | I12: ='03'!P19 -> 0 | J12: ='04'!P19 -> 0 | K12: ='05'!P19 -> 13.713 | L12: ='06'!P19 -> 16.463 | M12: ='07'!P19 -> 4.293 | N12: ='08'!P19 -> 0 | O12: ='09'!P19 -> 0 | P12: ='10'!P19 -> 0 | Q12: ='11'!P19 -> 0 | R12: ='12'!P19 -> 0 | S12: ='13'!P19 -> 0 | T12: ='14'!P19 -> 0 | U12: ='15'!P19 -> 0 | V12: ='16'!P19 -> 0 | W12: ='17'!P19 -> 0 | X12: ='18'!P19 -> 0 | Y12: ='19'!P19 -> 0 | Z12: ='20'!P19 -> 0 | AA12: ='21'!P19 -> 0 | AB12: ='22'!P19 -> 0 | AC12: ='23'!P19 -> 0 | AD12: ='24'!P19 -> 0 | AE12: ='25'!P19 -> 0 | AF12: ='26'!P19 -> 0 | AG12: ='27'!P19 -> 0 | AH12: ='28'!P19 -> 0
C13: Heavy End | F13: - | G13: ='01'!P20 -> 0 | H13: ='02'!P20 -> 0 | I13: ='03'!P20 -> 0 | J13: ='04'!P20 -> 0 | K13: ='05'!P20 -> 0.806 | L13: ='06'!P20 -> 0 | M13: ='07'!P20 -> 0 | N13: ='08'!P20 -> 0 | O13: ='09'!P20 -> 0 | P13: ='10'!P20 -> 0 | Q13: ='11'!P20 -> 0 | R13: ='12'!P20 -> 0 | S13: ='13'!P20 -> 0 | T13: ='14'!P20 -> 0 | U13: ='15'!P20 -> 0 | V13: ='16'!P20 -> 0 | W13: ='17'!P20 -> 0 | X13: ='18'!P20 -> 0 | Y13: ='19'!P20 -> 0 | Z13: ='20'!P20 -> 0 | AA13: ='21'!P20 -> 0 | AB13: ='22'!P20 -> 0 | AC13: ='23'!P20 -> 0 | AD13: ='24'!P20 -> 0 | AE13: ='25'!P20 -> 0 | AF13: ='26'!P20 -> 0 | AG13: ='27'!P20 -> 0 | AH13: ='28'!P20 -> 0
C14: Fatty Acid Residue | F14: =F7*(0.5/100) -> 0.2 | G14: ='01'!P21 -> 0 | H14: ='02'!P21 -> 1.2053 | I14: ='03'!P21 -> 1.2821 | J14: ='04'!P21 -> 1.2585 | K14: ='05'!P21 -> 0.753 | L14: ='06'!P21 -> 2.658 | M14: ='07'!P21 -> 0.681 | N14: ='08'!P21 -> 0 | O14: ='09'!P21 -> 0 | P14: ='10'!P21 -> 0 | Q14: ='11'!P21 -> 0 | R14: ='12'!P21 -> 0 | S14: ='13'!P21 -> 0 | T14: ='14'!P21 -> 0 | U14: ='15'!P21 -> 0 | V14: ='16'!P21 -> 0 | W14: ='17'!P21 -> 0 | X14: ='18'!P21 -> 0 | Y14: ='19'!P21 -> 0 | Z14: ='20'!P21 -> 0 | AA14: ='21'!P21 -> 0 | AB14: ='22'!P21 -> 0 | AC14: ='23'!P21 -> 0 | AD14: ='24'!P21 -> 0 | AE14: ='25'!P21 -> 0.0137 | AF14: ='26'!P21 -> 3.1582 | AG14: ='27'!P21 -> 3.6022 | AH14: ='28'!P21 -> 3.5174
A15: 107+ | C15: Feed (C8-10) | F15: 24 | G15: ='01'!P22 -> 26.453 | H15: ='02'!P22 -> 26.442 | I15: ='03'!P22 -> 26.173 | J15: ='04'!P22 -> 0.277 | K15: ='05'!P22 -> 0 | L15: ='06'!P22 -> 0 | M15: ='07'!P22 -> 0 | N15: ='08'!P22 -> 0 | O15: ='09'!P22 -> 0 | P15: ='10'!P22 -> 0 | Q15: ='11'!P22 -> 0 | R15: ='12'!P22 -> 0 | S15: ='13'!P22 -> 0 | T15: ='14'!P22 -> 25.275 | U15: ='15'!P22 -> 25.905 | V15: ='16'!P22 -> 20.685 | W15: ='17'!P22 -> 25.111 | X15: ='18'!P22 -> 26.456 | Y15: ='19'!P22 -> 26.45 | Z15: ='20'!P22 -> 26.452 | AA15: ='21'!P22 -> 5.734 | AB15: ='22'!P22 -> 0 | AC15: ='23'!P22 -> 0 | AD15: ='24'!P22 -> 0 | AE15: ='25'!P22 -> 0 | AF15: ='26'!P22 -> 0 | AG15: ='27'!P22 -> 0 | AH15: ='28'!P22 -> 0
C16: Product (H.C8-10) | F16: 24 | G16: ='01'!P23 -> 25.939 | H16: ='02'!P23 -> 24.91 | I16: ='03'!P23 -> 24.509 | J16: ='04'!P23 -> 6.307 | K16: ='05'!P23 -> 0 | L16: ='06'!P23 -> 0 | M16: ='07'!P23 -> 0 | N16: ='08'!P23 -> 0 | O16: ='09'!P23 -> 0 | P16: ='10'!P23 -> 0 | Q16: ='11'!P23 -> 0 | R16: ='12'!P23 -> 0 | S16: ='13'!P23 -> 0 | T16: ='14'!P23 -> 14.296 | U16: ='15'!P23 -> 24.449 | V16: ='16'!P23 -> 23.949 | W16: ='17'!P23 -> 25.399 | X16: ='18'!P23 -> 26.584 | Y16: ='19'!P23 -> 26.3653 | Z16: ='20'!P23 -> 26.271 | AA16: ='21'!P23 -> 8.95 | AB16: ='22'!P23 -> 0 | AC16: ='23'!P23 -> 0 | AD16: ='24'!P23 -> 0 | AE16: ='25'!P23 -> 0 | AF16: ='26'!P23 -> 0 | AG16: ='27'!P23 -> 0 | AH16: ='28'!P23 -> 0
A17: 105+ | C17: Feed (H.C8-10) | F17: 24 | G17: ='01'!P24 -> 26.226 | H17: ='02'!P24 -> 26.427 | I17: ='03'!P24 -> 26.431 | J17: ='04'!P24 -> 26.395 | K17: ='05'!P24 -> 0 | L17: ='06'!P24 -> 0 | M17: ='07'!P24 -> 8.389 | N17: ='08'!P24 -> 18.227 | O17: ='09'!P24 -> 11.63 | P17: ='10'!P24 -> 0 | Q17: ='11'!P24 -> 0 | R17: ='12'!P24 -> 0 | S17: ='13'!P24 -> 0 | T17: ='14'!P24 -> 0 | U17: ='15'!P24 -> 17.233 | V17: ='16'!P24 -> 26.477 | W17: ='17'!P24 -> 26.409 | X17: ='18'!P24 -> 26.422 | Y17: ='19'!P24 -> 26.437 | Z17: ='20'!P24 -> 26.574 | AA17: ='21'!P24 -> 26.416 | AB17: ='22'!P24 -> 5.339 | AC17: ='23'!P24 -> 0 | AD17: ='24'!P24 -> 0 | AE17: ='25'!P24 -> 0 | AF17: ='26'!P24 -> 0 | AG17: ='27'!P24 -> 0 | AH17: ='28'!P24 -> 0
C18: Light End (C6) | F18: - | G18: ='01'!P25 -> 0.4619 | H18: ='02'!P25 -> 0.4595 | I18: ='03'!P25 -> 0.4581 | J18: ='04'!P25 -> 0.4593 | K18: ='05'!P25 -> 0 | L18: ='06'!P25 -> 0 | M18: ='07'!P25 -> 1.2649 | N18: ='08'!P25 -> 0.8599 | O18: ='09'!P25 -> 0.3948 | P18: ='10'!P25 -> 0 | Q18: ='11'!P25 -> 0 | R18: ='12'!P25 -> 0 | S18: ='13'!P25 -> 0 | T18: ='14'!P25 -> 0 | U18: ='15'!P25 -> 0.3186 | V18: ='16'!P25 -> 0.4575 | W18: ='17'!P25 -> 0.4566 | X18: ='18'!P25 -> 0.4543 | Y18: ='19'!P25 -> 0.4566 | Z18: ='20'!P25 -> 0.4568 | AA18: ='21'!P25 -> 0.458 | AB18: ='22'!P25 -> 0.0947 | AC18: ='23'!P25 -> 0 | AD18: ='24'!P25 -> 0 | AE18: ='25'!P25 -> 0 | AF18: ='26'!P25 -> 0 | AG18: ='27'!P25 -> 0 | AH18: ='28'!P25 -> 0
C19: Side Fraction I (C899) | F19: - | G19: ='01'!P26 -> 24.878 | H19: ='02'!P26 -> 25.053 | I19: ='03'!P26 -> 25.052 | J19: ='04'!P26 -> 25.052 | K19: ='05'!P26 -> 0 | L19: ='06'!P26 -> 0 | M19: ='07'!P26 -> 6.942 | N19: ='08'!P26 -> 15.753 | O19: ='09'!P26 -> 10.314 | P19: ='10'!P26 -> 0 | Q19: ='11'!P26 -> 0 | R19: ='12'!P26 -> 0 | S19: ='13'!P26 -> 0 | T19: ='14'!P26 -> 0 | U19: ='15'!P26 -> 16.244 | V19: ='16'!P26 -> 25.06 | W19: ='17'!P26 -> 25.168 | X19: ='18'!P26 -> 25.242 | Y19: ='19'!P26 -> 25.245 | Z19: ='20'!P26 -> 25.255 | AA19: ='21'!P26 -> 25.267 | AB19: ='22'!P26 -> 5.15 | AC19: ='23'!P26 -> 0 | AD19: ='24'!P26 -> 0 | AE19: ='25'!P26 -> 0 | AF19: ='26'!P26 -> 0 | AG19: ='27'!P26 -> 0 | AH19: ='28'!P26 -> 0
C20: Side Fraction II (C1099) | F20: - | G20: ='01'!P27 -> 0 | H20: ='02'!P27 -> 0 | I20: ='03'!P27 -> 0 | J20: ='04'!P27 -> 0 | K20: ='05'!P27 -> 0 | L20: ='06'!P27 -> 0 | M20: ='07'!P27 -> 0 | N20: ='08'!P27 -> 0 | O20: ='09'!P27 -> 0 | P20: ='10'!P27 -> 0 | Q20: ='11'!P27 -> 0 | R20: ='12'!P27 -> 0 | S20: ='13'!P27 -> 0 | T20: ='14'!P27 -> 0 | U20: ='15'!P27 -> 0 | V20: ='16'!P27 -> 0 | W20: ='17'!P27 -> 0 | X20: ='18'!P27 -> 0 | Y20: ='19'!P27 -> 0 | Z20: ='20'!P27 -> 0 | AA20: ='21'!P27 -> 0 | AB20: ='22'!P27 -> 0 | AC20: ='23'!P27 -> 0 | AD20: ='24'!P27 -> 0 | AE20: ='25'!P27 -> 0 | AF20: ='26'!P27 -> 0 | AG20: ='27'!P27 -> 0 | AH20: ='28'!P27 -> 0
C21: Residue (C12) | F21: - | G21: ='01'!P28 -> 0.883 | H21: ='02'!P28 -> 0.9151 | I21: ='03'!P28 -> 0.9149 | J21: ='04'!P28 -> 0.9156 | K21: ='05'!P28 -> 0 | L21: ='06'!P28 -> 0 | M21: ='07'!P28 -> 0.9788 | N21: ='08'!P28 -> 1.7992 | O21: ='09'!P28 -> 0.8877 | P21: ='10'!P28 -> 0 | Q21: ='11'!P28 -> 0 | R21: ='12'!P28 -> 0 | S21: ='13'!P28 -> 0 | T21: ='14'!P28 -> 0 | U21: ='15'!P28 -> 0.6969 | V21: ='16'!P28 -> 0.9066 | W21: ='17'!P28 -> 0.7966 | X21: ='18'!P28 -> 0.7209 | Y21: ='19'!P28 -> 0.7203 | Z21: ='20'!P28 -> 0.7164 | AA21: ='21'!P28 -> 0.7232 | AB21: ='22'!P28 -> 0.1482 | AC21: ='23'!P28 -> 0 | AD21: ='24'!P28 -> 0 | AE21: ='25'!P28 -> 0 | AF21: ='26'!P28 -> 0 | AG21: ='27'!P28 -> 0 | AH21: ='28'!P28 -> 0
A22: 117 | C22: Feed I (C8-10) | G22: ='01'!P29 -> 12.462 | H22: ='02'!P29 -> 0 | I22: ='03'!P29 -> 12.404 | J22: ='04'!P29 -> 12.182 | K22: ='05'!P29 -> 12.35 | L22: ='06'!P29 -> 0 | M22: ='07'!P29 -> 12.413 | N22: ='08'!P29 -> 12.584 | O22: ='09'!P29 -> 12.221 | P22: ='10'!P29 -> 0 | Q22: ='11'!P29 -> 12.323 | R22: ='12'!P29 -> 12.666 | S22: ='13'!P29 -> 0 | T22: ='14'!P29 -> 0 | U22: ='15'!P29 -> 0 | V22: ='16'!P29 -> 12.641 | W22: ='17'!P29 -> 12.446 | X22: ='18'!P29 -> 12.699 | Y22: ='19'!P29 -> 0 | Z22: ='20'!P29 -> 12.564 | AA22: ='21'!P29 -> 12.276 | AB22: ='22'!P29 -> 12.533 | AC22: ='23'!P29 -> 0 | AD22: ='24'!P29 -> 0 | AE22: ='25'!P29 -> 12.416 | AF22: ='26'!P29 -> 0 | AG22: ='27'!P29 -> 12.197 | AH22: ='28'!P29 -> 12.423
C23: Feed II (Oleic Acid) | G23: ='01'!P30 -> 0 | H23: ='02'!P30 -> 0 | I23: ='03'!P30 -> 0 | J23: ='04'!P30 -> 0 | K23: ='05'!P30 -> 0 | L23: ='06'!P30 -> 0 | M23: ='07'!P30 -> 0 | N23: ='08'!P30 -> 0 | O23: ='09'!P30 -> 0 | P23: ='10'!P30 -> 0 | Q23: ='11'!P30 -> 0 | R23: ='12'!P30 -> 0 | S23: ='13'!P30 -> 0 | T23: ='14'!P30 -> 0 | U23: ='15'!P30 -> 0 | V23: ='16'!P30 -> 0 | W23: ='17'!P30 -> 0 | X23: ='18'!P30 -> 0 | Y23: ='19'!P30 -> 0 | Z23: ='20'!P30 -> 0 | AA23: ='21'!P30 -> 0 | AB23: ='22'!P30 -> 0 | AC23: ='23'!P30 -> 0 | AD23: ='24'!P30 -> 0 | AE23: ='25'!P30 -> 0 | AF23: ='26'!P30 -> 0 | AG23: ='27'!P30 -> 0 | AH23: ='28'!P30 -> 0
C24: Feed III (Glycerine) | G24: ='01'!P31 -> 2.467 | H24: ='02'!P31 -> 0 | I24: ='03'!P31 -> 2.464 | J24: ='04'!P31 -> 2.47 | K24: ='05'!P31 -> 2.468 | L24: ='06'!P31 -> 0 | M24: ='07'!P31 -> 2.468 | N24: ='08'!P31 -> 2.463 | O24: ='09'!P31 -> 2.465 | P24: ='10'!P31 -> 0 | Q24: ='11'!P31 -> 2.467 | R24: ='12'!P31 -> 2.469 | S24: ='13'!P31 -> 0 | T24: ='14'!P31 -> 0 | U24: ='15'!P31 -> 0 | V24: ='16'!P31 -> 2.469 | W24: ='17'!P31 -> 2.467 | X24: ='18'!P31 -> 2.467 | Y24: ='19'!P31 -> 0 | Z24: ='20'!P31 -> 2.466 | AA24: ='21'!P31 -> 2.466 | AB24: ='22'!P31 -> 2.544 | AC24: ='23'!P31 -> 0 | AD24: ='24'!P31 -> 0 | AE24: ='25'!P31 -> 2.465 | AF24: ='26'!P31 -> 0 | AG24: ='27'!P31 -> 2.467 | AH24: ='28'!P31 -> 2.468
C25: Product I (MCT) | G25: ='01'!P32 -> 10.04 | H25: ='02'!P32 -> 12.978 | I25: ='03'!P32 -> 0.919 | J25: ='04'!P32 -> 12.063 | K25: ='05'!P32 -> 12.822 | L25: ='06'!P32 -> 12.929 | M25: ='07'!P32 -> 1.332 | N25: ='08'!P32 -> 11.291 | O25: ='09'!P32 -> 12.988 | P25: ='10'!P32 -> 12.957 | Q25: ='11'!P32 -> 1.792 | R25: ='12'!P32 -> 10.665 | S25: ='13'!P32 -> 12.964 | T25: ='14'!P32 -> 9.111 | U25: ='15'!P32 -> 3.714 | V25: ='16'!P32 -> 0 | W25: ='17'!P32 -> 0 | X25: ='18'!P32 -> 12.8123 | Y25: ='19'!P32 -> 8.625 | Z25: ='20'!P32 -> 5.50161 | AA25: ='21'!P32 -> 11.61231 | AB25: ='22'!P32 -> 12.89595 | AC25: ='23'!P32 -> 9.074 | AD25: ='24'!P32 -> 3.826 | AE25: ='25'!P32 -> 12.93916 | AF25: ='26'!P32 -> 0 | AG25: ='27'!P32 -> 12.8406 | AH25: ='28'!P32 -> 0
C26: Product II (GMO) | G26: ='01'!P33 -> 0 | H26: ='02'!P33 -> 0 | I26: ='03'!P33 -> 0 | J26: ='04'!P33 -> 0 | K26: ='05'!P33 -> 0 | L26: ='06'!P33 -> 0 | M26: ='07'!P33 -> 0 | N26: ='08'!P33 -> 0 | O26: ='09'!P33 -> 0 | P26: ='10'!P33 -> 0 | Q26: ='11'!P33 -> 0 | R26: ='12'!P33 -> 0 | S26: ='13'!P33 -> 0 | T26: ='14'!P33 -> 0 | U26: ='15'!P33 -> 0 | V26: ='16'!P33 -> 0 | W26: ='17'!P33 -> 0 | X26: ='18'!P33 -> 0 | Y26: ='19'!P33 -> 0 | Z26: ='20'!P33 -> 0 | AA26: ='21'!P33 -> 0 | AB26: ='22'!P33 -> 0 | AC26: ='23'!P33 -> 0 | AD26: ='24'!P33 -> 0 | AE26: ='25'!P33 -> 0 | AF26: ='26'!P33 -> 0 | AG26: ='27'!P33 -> 0 | AH26: ='28'!P33 -> 0
